station_id,station_name,polygon_dining,polygon_education,polygon_healthcare,polygon_office,polygon_retail,polygon_tourism,polygon_leisure,polygon_area_m2_dining,polygon_area_m2_education,polygon_area_m2_healthcare,polygon_area_m2_office,polygon_area_m2_retail,polygon_area_m2_tourism,polygon_area_m2_leisure
940GZZLUACT,Acton Town,4.0,15.0,1.0,8.0,33.0,2.0,65.0,335.62165144774093,69568.82542376022,545.409399164438,15486.213892303178,66238.48904223008,8144.028356838309,346228.7478122375
940GZZLUALD,Aldgate,288.0,36.0,9.0,394.0,195.0,38.0,100.0,34408.674973988425,56744.97536963971,2398.0714681241825,1005675.1793154516,180107.69596851355,80268.43845603235,54795.67849183364
940GZZLUADE,Aldgate East,269.0,49.0,13.0,371.0,251.0,38.0,110.0,32717.01418863787,98644.12807919203,18223.45318872725,720936.2517342875,228350.61667879997,57691.11435082063,65562.97610389748
940GZZLUALP,Alperton,4.0,6.0,1.0,4.0,22.0,0.0,21.0,589.2740860152007,58412.55600047328,139.64831032103825,7390.638456061678,160566.8231173496,0.0,146790.3424799731
940GZZLUAMS,Amersham,0.0,0.0,0.0,0.0,0.0,0.0,0.0,0.0,0.0,0.0,0.0,0.0,0.0,0.0
940GZZLUAGL,Angel,101.0,34.0,5.0,85.0,92.0,7.0,112.0,9417.485789806837,122577.26322536946,284.98676097583746,91370.5331265532,197531.0971999876,7464.948161931479,199905.6471286812
940GZZLUACY,Archway,57.0,24.0,12.0,19.0,29.0,2.0,100.0,5788.1467800146065,75373.406065157,75562.86627265827,7598.784856883162,62290.584334634834,72460.24277934013,222022.3520932719
940GZZLUASG,Arnos Grove,0.0,10.0,1.0,6.0,9.0,1.0,36.0,0.0,75507.86845876607,335.25220725741417,4652.32396580945,35326.72569341896,672.4335300777103,247212.13186778777
940GZZLUASL,Arsenal,36.0,47.0,3.0,9.0,100.0,3.0,58.0,4889.474672187522,91749.90496843595,742.2748543050634,3823.4170106420233,172514.49170108399,2244.2158279636474,96266.58368338768
940GZZLUBST,Baker Street,71.0,85.0,43.0,264.0,31.0,47.0,84.0,7698.932276427597,150492.19842388292,23638.929554132294,88013.22271824823,5412.849518123215,26978.586045950186,658962.6795696598
940GZZLUBLM,Balham,11.0,22.0,3.0,4.0,31.0,0.0,20.0,2191.286084588233,79718.09044825888,2908.4220523652257,2357.5264895177834,90850.22277132531,0.0,51376.52563287681
940GZZLUBNK,Bank,237.0,8.0,18.0,436.0,94.0,33.0,100.0,38456.069899369584,18805.776709764872,12678.146516222576,1600773.299541978,85391.9920695525,66459.1003791612,50486.55383639107
940GZZLUBBN,Barbican,261.0,33.0,18.0,494.0,146.0,22.0,153.0,39595.12962923578,75853.84515237,28969.56678504374,810148.2406890054,91903.43948402,31053.219832097646,135104.88040964052
940GZZLUBKG,Barking,39.0,23.0,7.0,28.0,136.0,2.0,44.0,5946.000594801409,124245.13499408202,2601.0416045381858,20699.154432437317,154987.4183940002,5034.8192383541345,248334.69197932113
940GZZLUBKE,Barkingside,1.0,9.0,1.0,2.0,16.0,0.0,33.0,67.47776920307145,69004.3217550219,67.18775607055724,1736.3279471061107,112186.25032490167,0.0,436058.3631240193
940GZZLUBSC,Barons Court,54.0,63.0,12.0,86.0,46.0,8.0,97.0,5277.876459519008,124872.0508758213,83935.1218671463,267240.9790832482,31722.203223495715,10562.49777534261,172330.4978483307
940GZZBPSUST,Battersea Power Station,6.0,9.0,1.0,19.0,19.0,0.0,126.0,1232.6048801068093,45802.48366284635,229.51888128002716,82873.97701203062,176447.2040278626,0.0,291352.4187442266
940GZZLUBWT,Bayswater,49.0,24.0,9.0,64.0,79.0,106.0,37.0,6834.201063249408,28239.70170533278,1522.0582612257472,58382.167292120575,76018.00301298576,45444.178416827504,463651.7146583976
940GZZLUBEC,Becontree,7.0,10.0,3.0,0.0,34.0,0.0,20.0,669.862495241064,91590.53544797955,1246.1842921837087,0.0,17712.613118759382,0.0,103425.18050027946
940GZZLUBZP,Belsize Park,40.0,35.0,14.0,23.0,35.0,4.0,76.0,5508.5585240110895,36429.59872046903,71133.38030242614,3200.6884448937485,28925.51639834448,3396.8093942747796,82971.92023512078
940GZZLUBMY,Bermondsey,20.0,25.0,1.0,10.0,29.0,1.0,130.0,2743.8090634258942,89276.95135733747,95.05500646907517,46372.521379083206,69455.32958794382,12.048075481589784,280307.44526433724
940GZZLUBLG,Bethnal Green,43.0,59.0,1.0,69.0,90.0,7.0,273.0,4577.250644514351,143439.235948193,123.29983960526592,31189.96528626305,240143.88883265437,7669.213805653228,248714.93796917942
940GZZLUBKF,Blackfriars,209.0,15.0,13.0,308.0,82.0,33.0,89.0,34636.387162753024,49594.7103405567,27142.049099094787,881253.6596353287,40066.2622773838,66023.60578360491,90009.52073386036
940GZZLUBLR,Blackhorse Road,24.0,22.0,1.0,6.0,101.0,1.0,41.0,5197.513424479396,84699.28917307005,209.41290365782584,2965.124069449659,23008.937821086107,88.49923128389779,97081.54569267541
940GZZLUBND,Bond Street,238.0,28.0,45.0,514.0,436.0,66.0,32.0,28529.565423013064,16500.629868374734,11065.20817702947,198454.1265191944,332008.6223998162,132028.14958821866,88893.26613810733
940GZZLUBOR,Borough,122.0,58.0,24.0,247.0,63.0,26.0,115.0,28271.662741757344,238131.13510810616,56903.7158899827,557019.4953811095,74852.10915796609,27080.889786493786,133503.25724176827
940GZZLUBOS,Boston Manor,5.0,16.0,0.0,12.0,5.0,2.0,54.0,526.6448941711914,75138.75247009222,0.0,84386.24604285335,4203.354627425404,1222.8907255376523,459482.3562500493
940GZZLUBDS,Bounds Green,0.0,7.0,0.0,9.0,9.0,0.0,86.0,0.0,26032.32853853162,0.0,6971.8751389656245,27579.84233567749,0.0,186626.28967195962
940GZZLUBWR,Bow Road,25.0,42.0,5.0,25.0,119.0,3.0,140.0,3107.094171076366,86604.16998748224,1200.1889335879505,21904.007291657603,66265.07578399313,501.8576595294287,95451.26989536558
940GZZLUBTX,Brent Cross,0.0,21.0,1.0,1.0,9.0,4.0,19.0,0.0,65843.93607869046,149.50057865529322,579.1866473106679,211647.61954857977,4411.1676912543,191138.53139104188
940GZZLUBXN,Brixton,82.0,17.0,4.0,9.0,146.0,2.0,74.0,7376.120744044032,65360.61905600854,32792.46328423846,13598.886598749674,200505.07949199836,2266.6692466305767,177408.61438774012
940GZZLUBBB,Bromley-by-Bow,8.0,24.0,1.0,41.0,17.0,3.0,104.0,1283.3528437890318,72936.89165452436,537.5345001425329,256071.34248122055,41451.10026637185,3147.843375948702,121961.44581863868
940GZZLUBKH,Buckhurst Hill,0.0,0.0,0.0,0.0,0.0,0.0,1.0,0.0,0.0,0.0,0.0,0.0,0.0,82191.14077468793
940GZZLUBTK,Burnt Oak,1.0,8.0,4.0,1.0,5.0,0.0,34.0,477.6494576814302,43553.68156624682,75333.70326069756,740.8575572958921,60136.861893208545,0.0,292041.5117376911
940GZZLUCAR,Caledonian Road,39.0,41.0,4.0,23.0,39.0,0.0,93.0,4198.933151263459,110435.2532310487,1720.0949857916432,17954.89436992803,136715.07788748769,0.0,158497.66983924742
940GZZLUCTN,Camden Town,183.0,22.0,9.0,63.0,219.0,6.0,115.0,19730.30378946685,42039.47100046385,5562.268974793283,58547.34765180633,212637.81345521155,12354.98384828153,208170.23901427936
940GZZLUCWR,Canada Water,19.0,18.0,2.0,14.0,29.0,5.0,93.0,3377.973150992905,96322.10556679018,527.5100426911104,26291.468689359906,112723.01698172056,2400.298613147879,449737.1218561821
940GZZLUCYF,Canary Wharf,26.0,13.0,2.0,177.0,20.0,13.0,165.0,8983.03232352409,33098.723754990526,1864.8261761262404,336379.87736343616,102405.27639676964,14155.632675658828,116876.18172145724
940GZZLUCGT,Canning Town,6.0,10.0,2.0,22.0,16.0,6.0,193.0,1098.8989109050326,51479.55783218926,3631.3160881572003,107661.51478109352,30787.915491528205,3312.515748777907,180452.83294968124
940GZZLUCST,Cannon Street,238.0,7.0,19.0,418.0,92.0,33.0,91.0,39192.99896203166,23305.9402205094,12037.034184910981,1555042.3032560528,76059.22515239025,71863.6881275416,51176.45694749562
940GZZLUCPK,Canons Park,4.0,6.0,2.0,5.0,6.0,0.0,55.0,479.33321543435846,127446.64878118318,420.6521404197807,8768.800411925213,6910.683808765542,0.0,431499.39935670985
940GZZLUCAL,Chalfont & Latimer,0.0,0.0,0.0,0.0,0.0,0.0,0.0,0.0,0.0,0.0,0.0,0.0,0.0,0.0
940GZZLUCFM,Chalk Farm,83.0,22.0,11.0,48.0,99.0,4.0,111.0,8863.748468075144,58116.55913680713,1394.4210203657826,38411.924136025795,106443.81739278935,13360.042063219546,241010.81905366632
940GZZLUCHL,Chancery Lane,231.0,75.0,21.0,453.0,126.0,30.0,92.0,27763.87436479139,138890.14968270352,28118.31133667713,596797.22437389,44972.90796003689,41971.40872980826,128238.82862832377
940GZZLUCHX,Charing Cross,364.0,7.0,4.0,166.0,334.0,61.0,76.0,48649.10307036416,4487.515210513786,633.9075473493333,172438.1737151573,117152.68945451635,151417.4277383473,311274.09853601496
940GZZLUCSM,Chesham,0.0,0.0,0.0,0.0,0.0,0.0,0.0,0.0,0.0,0.0,0.0,0.0,0.0,0.0
940GZZLUCWL,Chigwell,0.0,0.0,0.0,0.0,0.0,0.0,0.0,0.0,0.0,0.0,0.0,0.0,0.0,0.0
940GZZLUCWP,Chiswick Park,27.0,8.0,4.0,43.0,46.0,3.0,31.0,4571.175572633085,13230.7122640981,1189.5593641528526,202351.33369430626,99856.50139587848,1724.4840077030879,118429.19514731968
940GZZLUCYD,Chorleywood,0.0,0.0,0.0,0.0,0.0,0.0,0.0,0.0,0.0,0.0,0.0,0.0,0.0,0.0
940GZZLUCPC,Clapham Common,8.0,12.0,1.0,13.0,31.0,0.0,45.0,1358.2677349488029,57870.52962347194,400.23161136905463,7107.067960010598,95486.33078117401,0.0,321841.7001286036
940GZZLUCPN,Clapham North,7.0,14.0,3.0,19.0,30.0,0.0,57.0,1138.2712920127494,30578.01799431125,32521.96000119766,31620.740526485482,103912.62747735379,0.0,52027.06375450392
940GZZLUCPS,Clapham South,1.0,23.0,1.0,4.0,21.0,1.0,49.0,250.64756884618123,79332.37849344399,280.98146786031185,1153.2857442761551,35107.64285980747,149.32652445991738,478390.83996626467
940GZZLUCKS,Cockfosters,19.0,4.0,2.0,3.0,52.0,0.0,25.0,3132.9377150326336,66094.05872724354,303.07707027965745,925.791063189754,32689.43630647072,0.0,711164.2836341657
940GZZLUCND,Colindale,6.0,8.0,1.0,8.0,14.0,2.0,37.0,7568.939780141803,73751.9831848723,125.29943875876239,59602.31264555246,61312.13396401098,28846.507425848093,265907.91596051905
940GZZLUCSD,Colliers Wood,11.0,12.0,15.0,18.0,28.0,3.0,33.0,2554.8869474704507,54828.34848024208,20734.56347021982,69967.33201948523,155769.6557610161,5214.788393946639,166566.80439276
940GZZLUCGN,Covent Garden,523.0,79.0,12.0,313.0,497.0,64.0,86.0,63068.01701440998,126492.33834036537,1661.2795686397408,240686.16911715423,168855.13077550105,142653.3551879318,155371.72001059816
940GZZLUCXY,Croxley,0.0,0.0,0.0,0.0,0.0,0.0,0.0,0.0,0.0,0.0,0.0,0.0,0.0,0.0
940GZZLUDGE,Dagenham East,15.0,8.0,2.0,3.0,67.0,1.0,20.0,1824.3409547772426,87452.85330710749,1695.3520462299277,8354.740666528543,40746.809431416186,723.3563001785687,207091.13866979445
940GZZLUDGY,Dagenham Heathway,28.0,20.0,8.0,11.0,60.0,0.0,25.0,2541.9152344565186,102670.47221005225,2805.860131877769,960.4089988603021,62195.028372179324,0.0,111785.86615351096
940GZZLUDBN,Debden,0.0,0.0,0.0,0.0,0.0,0.0,0.0,0.0,0.0,0.0,0.0,0.0,0.0,0.0
940GZZLUDOH,Dollis Hill,1.0,13.0,0.0,6.0,12.0,0.0,23.0,359.4190893584165,72897.56980924626,0.0,8682.707020855985,24576.172351705223,0.0,317681.2312947822
940GZZLUEBY,Ealing Broadway,4.0,20.0,7.0,23.0,45.0,5.0,21.0,564.0312444420528,64276.60991518739,2992.7173825252876,25593.219751079734,168264.75451070318,3036.964330573125,195982.69176298095
940GZZLUECM,Ealing Common,2.0,9.0,3.0,2.0,10.0,2.0,55.0,426.9093751784195,103857.99681044667,333.6388776154292,12201.305031452126,21423.524236607635,7489.2196959974135,360035.2574645016
940GZZLUECT,Earl's Court,34.0,22.0,15.0,42.0,43.0,93.0,57.0,3905.8938636911025,25141.90805476399,12038.124891375137,92205.59700077755,79344.30859743492,54106.874711771394,119221.933533197
940GZZLUEAN,East Acton,5.0,14.0,28.0,1.0,6.0,0.0,53.0,1106.6932348752762,47314.14932070741,57330.74139483673,41.06955246256145,21473.786651463233,0.0,467504.33237407275
940GZZLUEFY,East Finchley,7.0,10.0,0.0,5.0,76.0,0.0,28.0,2788.4547008287536,25721.593915465623,0.0,12658.923659598146,46709.669386608184,0.0,90454.45705293665
940GZZLUEHM,East Ham,23.0,41.0,5.0,54.0,74.0,0.0,27.0,2191.8879897258053,88180.02000559475,15958.010980980738,12775.588495766464,141916.43865158875,0.0,105658.98923118794
940GZZLUEPY,East Putney,84.0,32.0,10.0,42.0,147.0,3.0,63.0,11399.995652699194,95145.76508910798,13284.50261773638,52526.144692230744,138459.23288921846,1851.1078616906516,154774.49960414934
940GZZLUEAE,Eastcote,0.0,9.0,0.0,8.0,14.0,0.0,45.0,0.0,106408.15905156618,0.0,11152.320812430831,29633.588318407543,0.0,88777.43548152575
940GZZLUEGW,Edgware,2.0,7.0,3.0,16.0,34.0,1.0,23.0,708.0500754355082,28675.831360424036,22500.214766435674,17432.89999280051,276428.8506666926,1169.7749295503877,44367.65621104001
940GZZLUERB,Edgware Road (Bakerloo),85.0,54.0,40.0,138.0,62.0,123.0,74.0,9386.746325708984,65511.7201132177,66466.61878294444,89209.2505882921,30440.720723939132,43131.196446719136,112265.07558359327
940GZZLUERC,Edgware Road (Circle Line),91.0,61.0,46.0,182.0,68.0,139.0,76.0,9506.201902438099,68311.1558550114,67359.68623637492,83650.37944533551,31532.13771073339,49192.197063858686,109926.1199629227
940GZZLUEAC,Elephant & Castle,7.0,58.0,6.0,42.0,32.0,8.0,110.0,7083.537566632898,191346.58506311433,6308.701257563609,125286.7410573125,62932.45495386693,8656.413782549713,190180.03619214066
940GZZLUEPK,Elm Park,5.0,18.0,3.0,1.0,21.0,0.0,23.0,674.7083064948364,76914.31346086768,466.2203137200464,575.5702908560381,52521.028628028085,0.0,337151.2622249907
940GZZLUEMB,Embankment,234.0,36.0,4.0,130.0,214.0,50.0,71.0,33908.47516883246,63979.23504291094,6692.741436672227,178608.03645160512,51375.14178094304,160775.3513925533,204873.0405594631
940GZZLUEPG,Epping,0.0,0.0,0.0,0.0,0.0,0.0,0.0,0.0,0.0,0.0,0.0,0.0,0.0,0.0
940GZZLUEUS,Euston,134.0,90.0,18.0,116.0,88.0,38.0,108.0,15482.108539491684,292692.4116886036,20655.9369907946,106133.10964238748,126172.38030869277,41916.30472317706,105104.70016362362
940GZZLUESQ,Euston Square,200.0,101.0,32.0,280.0,176.0,45.0,87.0,19703.28226827804,287262.8888843911,21703.85261330041,220012.12454424638,129184.35650089281,42269.16693843011,140891.25422345454
940GZZLUFLP,Fairlop,1.0,9.0,1.0,1.0,8.0,0.0,83.0,484.69796747590635,123435.85331986056,160.07755191484216,17715.158905683573,23116.605659567587,0.0,833666.8344696823
940GZZLUFCN,Farringdon,276.0,41.0,18.0,500.0,141.0,24.0,135.0,34300.353336613174,85048.50074819478,26555.919739440113,665075.9883366269,54352.33978877546,23494.28547705628,127834.51514258867
940GZZLUFYC,Finchley Central,4.0,8.0,1.0,17.0,15.0,2.0,67.0,778.9368340896058,34980.05769939748,153.10534849129147,90708.79568631155,110771.18130659334,145.4485063445279,182482.59701527123
940GZZLUFYR,Finchley Road,33.0,43.0,4.0,35.0,31.0,6.0,68.0,3120.709660394241,59119.40434043224,304.08620287120806,19989.01126955323,123814.73357638349,7323.309430911521,89557.74082387247
940GZZLUFPK,Finsbury Park,42.0,27.0,4.0,7.0,99.0,3.0,248.0,4558.777936258377,69622.24681391993,775.1900091766998,3655.385103922233,157607.45460356414,1286.8924541863084,345259.44517634215
940GZZLUFBY,Fulham Broadway,60.0,26.0,14.0,21.0,58.0,7.0,63.0,7840.546594953852,56492.9194612801,3479.7988018509263,63925.96530157815,156707.1570989931,10316.91640515286,143650.95239870946
940GZZLUGTH,Gants Hill,4.0,16.0,2.0,21.0,29.0,2.0,36.0,1584.0674994716505,78899.98117636032,337.02786447257347,12394.496138083196,79014.14204351958,652.9372389233691,267216.59012049163
940GZZLUGTR,Gloucester Road,39.0,77.0,29.0,52.0,58.0,87.0,71.0,4557.628659348389,186312.3608190221,30156.877800869734,54254.79031693593,72947.44806772751,113180.82717456912,170104.7628857786
940GZZLUGGN,Golders Green,3.0,18.0,2.0,1.0,7.0,2.0,31.0,481.35358430242786,32591.451502963726,267.6130925407624,317.4472837481032,64672.122360211404,1130.94736764217,417191.84507306427
940GZZLUGHK,Goldhawk Road,26.0,48.0,5.0,69.0,112.0,29.0,76.0,3752.062734632201,87263.12105209407,1061.5016706995768,93663.50796906,188784.03776555433,10270.253866119636,105696.90831676876
940GZZLUGDG,Goodge Street,412.0,106.0,43.0,655.0,405.0,65.0,60.0,43930.49909441205,271410.6222468648,25590.681422785015,355723.60172517714,248577.650998312,74772.42888695543,105648.41346160049
940GZZLUGGH,Grange Hill,0.0,2.0,0.0,0.0,0.0,0.0,9.0,0.0,26479.00801973376,0.0,0.0,0.0,0.0,4032.4624484697556
940GZZLUGPS,Great Portland Street,187.0,92.0,62.0,409.0,163.0,29.0,81.0,17304.321138114858,195914.12580794282,40069.69335311135,220024.98435551484,100398.51431574873,27535.03300303339,507559.39320445596
940GZZLUGPK,Green Park,143.0,8.0,2.0,185.0,322.0,46.0,51.0,22066.21854653594,4514.974407791766,293.5657854031049,115764.1405521544,154535.52180289963,142416.40404638925,521608.01261281176
940GZZLUGFD,Greenford,3.0,11.0,0.0,10.0,11.0,1.0,15.0,6869.122937490662,91573.50600099326,0.0,21524.716781573883,40648.728575574154,1493.4052683084324,220185.5302824507
940GZZLUGBY,Gunnersbury,11.0,10.0,2.0,46.0,32.0,2.0,15.0,1487.9025120996268,18683.572762499814,577.4590265259201,258891.55747847125,126910.72809820573,1678.4932606869697,64930.725430324776
940GZZLUHLT,Hainault,1.0,2.0,1.0,1.0,3.0,0.0,68.0,704.6580026917176,6018.973775797673,160.07755191484216,17715.15858115164,5146.956409329529,0.0,305494.5216033031
940GZZLUHSD,Hammersmith (Dist&Picc Line),37.0,72.0,9.0,111.0,46.0,23.0,103.0,5114.581228564333,157895.44674134083,81312.24511090721,277660.37064008234,90526.60994996747,16873.664601831155,131855.09657425305
940GZZLUHSC,Hammersmith (H&C Line),40.0,73.0,7.0,118.0,42.0,23.0,103.0,6390.319054067859,147777.19649606396,44257.08143777671,278401.0772906145,90829.43168468098,16873.664601831155,125598.56012446566
940GZZLUHTD,Hampstead,43.0,27.0,10.0,15.0,36.0,3.0,35.0,4572.4608123063,50151.60329995545,6267.533081783137,2154.4081024632637,33574.939018034805,5095.152620104957,309250.5872546661
940GZZLUHGR,Hanger Lane,4.0,5.0,0.0,13.0,15.0,4.0,11.0,639.0248705010099,35924.20852908309,0.0,97606.92510453361,71807.39342911034,5486.624670742478,115619.84325494448
940GZZLUHSN,Harlesden,3.0,6.0,1.0,7.0,33.0,1.0,15.0,1062.4716601804378,30659.115133536703,34653.65706497571,13695.590480135625,62221.509188619806,423.3913211579329,35231.32446154655
940GZZLUHAW,Harrow & Wealdstone,32.0,9.0,4.0,27.0,59.0,0.0,9.0,4167.916789335946,46092.30829298339,938.7829792892505,20457.928326536206,82747.54352064795,0.0,88199.10991446482
940GZZLUHOH,Harrow-on-the-Hill,3.0,19.0,1.0,27.0,32.0,4.0,18.0,443.62346313123203,304376.0983461712,127.98868916568952,53917.63432341468,150609.95982613694,2081.4777287638485,149460.15905141647
940GZZLUHNX,Hatton Cross,1.0,0.0,0.0,10.0,0.0,3.0,9.0,266.56788770232316,0.0,0.0,96009.125515891,0.0,8397.087432688217,69208.62008673602
940GZZLUHR4,Heathrow Terminal 4,7.0,0.0,2.0,7.0,13.0,2.0,1.0,966.9286412302563,0.0,192.2061942237011,42857.311827775906,1049.1952878941438,8304.647007126558,60.6615373431063
940GZZLUHR5,Heathrow Terminal 5,13.0,1.0,0.0,4.0,15.0,2.0,1.0,5674.787748262647,239.95772825770987,0.0,33781.59971779927,3194.9399069069455,11635.928126256751,117.71825362527218
940GZZLUHRC,Heathrow Terminals 2 & 3,15.0,0.0,0.0,6.0,17.0,1.0,0.0,2429.868037404247,0.0,0.0,1654.305580553315,4758.266316462258,1249.2808706127933,0.0
940GZZLUHCL,Hendon Central,1.0,23.0,0.0,8.0,29.0,1.0,26.0,120.01205322983576,81464.65146605454,0.0,4587.574032214323,235775.05872658236,2714.86743796055,176913.00810604857
940GZZLUHBT,High Barnet,6.0,8.0,6.0,9.0,24.0,0.0,37.0,1324.544268022084,88030.14672468958,2316.599245215521,11569.901815720683,90176.04846603205,0.0,370763.912350014
940GZZLUHSK,High Street Kensington,21.0,24.0,12.0,54.0,46.0,32.0,102.0,3852.8876000089026,44547.224734148585,11218.846234281185,39278.32578322613,75186.61584589054,32652.447220025464,422957.1915819533
940GZZLUHAI,Highbury & Islington,52.0,51.0,3.0,32.0,58.0,1.0,124.0,5724.813807065773,102922.10608064443,550.9210679443304,25472.230630656053,84359.53807902703,284.1678279469961,273477.0176771284
940GZZLUHGT,Highgate,24.0,27.0,3.0,9.0,28.0,1.0,42.0,3251.7735327844152,90971.28776490373,2048.152557763829,921.2735580646361,63457.35212889063,158.46599884433883,288184.66690433497
940GZZLUHGD,Hillingdon,1.0,2.0,0.0,0.0,2.0,0.0,4.0,237.97311146834403,24987.92385570729,0.0,0.0,12558.322508159403,0.0,23315.808807107762
940GZZLUHBN,Holborn,328.0,103.0,23.0,282.0,286.0,46.0,101.0,38995.47744217576,189479.0323243353,37215.95108662258,302516.21851574484,100688.51657705291,107332.32535499416,210676.38208630835
940GZZLUHPK,Holland Park,31.0,32.0,5.0,33.0,81.0,17.0,136.0,3594.5347274557957,58984.76252838841,787.4969428076719,8901.652255125548,46214.27493957791,13242.769385659936,433230.3797654869
940GZZLUHWY,Holloway Road,55.0,44.0,5.0,15.0,50.0,1.0,73.0,6296.181120615804,99589.69480016158,1463.7991067612954,20655.019311199958,126061.39955395617,1022.530394281055,158037.51184790785
940GZZLUHCH,Hornchurch,10.0,18.0,3.0,4.0,51.0,1.0,22.0,2951.9443393951533,165291.69123385145,17063.61989938211,1435.3104009235194,48398.5384939507,204.64479261899083,22830.47524978942
940GZZLUHWC,Hounslow Central,17.0,24.0,4.0,13.0,25.0,3.0,34.0,3024.439471565446,148722.08600624418,2654.6156280845917,11589.112225227493,274893.83006110403,882.6052940125061,216938.96411473776
940GZZLUHWE,Hounslow East,9.0,16.0,2.0,12.0,16.0,2.0,31.0,2038.6870309369303,97627.05352784786,160.96085012352674,10377.906783549644,185428.9758274706,668.6840583517956,141580.466070333
940GZZLUHWT,Hounslow West,7.0,8.0,1.0,1.0,15.0,0.0,18.0,1219.2948438521303,73737.54449387945,132.38283475953065,249.52559750928486,44278.70738356239,0.0,50258.206471809564
940GZZLUHPC,Hyde Park Corner,54.0,7.0,0.0,128.0,77.0,39.0,35.0,8094.0888881164055,3426.869487011501,0.0,98374.19024582743,27691.00123084492,552750.1023128632,445822.66646647453
940GZZLUICK,Ickenham,2.0,6.0,1.0,1.0,5.0,1.0,18.0,784.0456577644304,61839.81700295443,427.69419096716337,730.9945029000752,15956.83863418103,1575.2350893138853,88320.35371690486
940GZZLUKNG,Kennington,9.0,24.0,5.0,22.0,68.0,5.0,133.0,1620.0153060603425,62202.99197914141,3734.7128033510626,43377.667304399576,105881.12045049845,1416.0409560001283,288081.9188211805
940GZZLUKSL,Kensal Green,31.0,18.0,4.0,32.0,45.0,2.0,38.0,3760.4906558557705,29484.860854174425,377.9630042697968,17462.527187189018,76333.16444559819,350.977166928999,69007.73325343491
940GZZLUKOY,Kensington (Olympia),26.0,49.0,5.0,84.0,38.0,20.0,83.0,3654.585622563056,92249.71576401575,1143.718079030094,164744.5153014329,27448.19667633263,17522.41393314263,250942.9377794579
940GZZLUKSH,Kentish Town,79.0,33.0,12.0,82.0,126.0,1.0,152.0,10100.67519097895,80748.5612830911,7700.099165706675,103564.19136244642,104148.69133842658,830.6128293824355,175487.02299807442
940GZZLUKEN,Kenton,14.0,19.0,22.0,21.0,24.0,4.0,26.0,3191.9462029209562,140582.4275119063,63590.85114777671,7525.563379206472,61504.42864842031,1695.4869585320387,258782.99870685796
940GZZLUKWG,Kew Gardens,22.0,15.0,5.0,14.0,59.0,3.0,39.0,2915.9677896547064,27628.450884707498,1634.875928903254,70111.27686832186,64439.71947284138,1206.632583185355,511372.3396105555
940GZZLUKBN,Kilburn,53.0,18.0,8.0,14.0,32.0,3.0,43.0,5186.901918067794,30687.86009817478,1257.1111235935987,7591.213189256983,75388.17979875728,847.849551986086,84197.49363156565
940GZZLUKPK,Kilburn Park,68.0,32.0,16.0,21.0,39.0,4.0,99.0,9326.987202197573,64815.52133345713,2423.6778011809856,11730.122658740811,102501.51010282853,2050.137612051438,190439.87715034766
940GZZLUKSX,King's Cross St. Pancras,88.0,35.0,10.0,89.0,61.0,35.0,130.0,12539.320613437054,131953.8173080255,2529.1921538703127,90898.17680431591,90744.71604879259,44109.873560046944,155192.5913009167
940GZZLUKBY,Kingsbury,0.0,8.0,1.0,2.0,7.0,1.0,20.0,0.0,205932.33345396764,13929.23261264755,38.42851796250196,47070.26688116829,266.67092387690076,416586.516421189
940GZZLUKNB,Knightsbridge,26.0,7.0,2.0,74.0,55.0,24.0,50.0,3953.128376190065,2985.1961782482,251.82006452793883,62430.87123122919,49090.42685842957,829317.705767001,168596.58749218629
940GZZLULAD,Ladbroke Grove,19.0,57.0,12.0,29.0,102.0,5.0,98.0,2839.2042840016393,135709.59792639053,41597.12318486394,24460.7751484893,71538.96770815273,1628.1999455308803,188321.87853086865
940GZZLULBN,Lambeth North,33.0,53.0,12.0,49.0,32.0,20.0,95.0,4767.248441069626,143269.6116681079,98670.4712332494,67762.68330989822,61579.12691938829,32543.60805966435,231498.98635007575
940GZZLULGT,Lancaster Gate,50.0,12.0,22.0,39.0,17.0,164.0,34.0,5658.877291178859,10373.781662449444,60508.88735811621,34185.599122273336,10194.022180197022,394127.7149148722,694636.6690524517
940GZZLULRD,Latimer Road,4.0,44.0,2.0,65.0,32.0,4.0,131.0,1004.3364786319476,159248.82133516288,505.64829006538525,165088.25327156484,106231.62550410777,1887.9121258829264,215598.1218824544
940GZZLULSQ,Leicester Square,587.0,29.0,13.0,375.0,653.0,73.0,80.0,73067.96899890093,22908.243988735638,1858.3569430015077,261152.04517197993,234724.53968970058,144754.5366108077,143847.98308906713
940GZZLULYN,Leyton,32.0,15.0,8.0,26.0,58.0,1.0,436.0,4348.806097931094,81932.1066725192,6628.914247156768,12841.313983857684,144160.84001227602,506.0955248087529,503985.08567296446
940GZZLULYS,Leytonstone,49.0,22.0,5.0,59.0,142.0,1.0,209.0,10779.204043602249,58762.20858176117,1231.6821875202124,40076.03968551231,104059.1731816482,79.54403853616472,311998.7937679355
940GZZLULVT,Liverpool Street,293.0,26.0,12.0,557.0,141.0,26.0,112.0,39931.491462625934,35751.536116092175,4013.165552118945,1364260.2709563323,106335.30577335147,47441.4326170044,64329.49015729067
940GZZLULNB,London Bridge,165.0,26.0,23.0,316.0,66.0,28.0,93.0,29903.42223705624,112106.62920776226,54796.91372973601,933605.1977967159,93132.4703112545,40369.351484787156,87690.55287248093
940GZZLULGN,Loughton,0.0,0.0,0.0,0.0,0.0,0.0,0.0,0.0,0.0,0.0,0.0,0.0,0.0,0.0
940GZZLUMVL,Maida Vale,21.0,27.0,4.0,6.0,9.0,4.0,100.0,3862.7306751514807,68225.18959442135,1375.592189118829,1101.6874293257117,7287.094486551499,3755.992576608597,263061.2376838352
940GZZLUMRH,Manor House,10.0,13.0,4.0,21.0,27.0,2.0,199.0,1732.1990932251645,47566.912677202024,7958.231407194073,120096.37323650153,39000.530049472974,1494.1789480339028,607570.4519912356
940GZZLUMSH,Mansion House,243.0,11.0,13.0,422.0,95.0,30.0,116.0,44027.04690746972,38666.60899743709,26771.634134453394,1466404.7205166817,59358.03854167707,72955.33532407232,53676.87663154146
940GZZLUMBA,Marble Arch,122.0,33.0,16.0,253.0,147.0,56.0,39.0,12987.442784966102,14710.88990266537,2269.228420359592,96741.77157513812,142392.84546183058,596398.1548798593,96412.87566215252
940GZZLUMYB,Marylebone,83.0,81.0,34.0,205.0,59.0,60.0,87.0,8903.277777991761,160626.07330701465,15072.608951834492,82038.43253120974,27524.127682087223,33100.707974042685,303276.47160458524
940GZZLUMED,Mile End,28.0,57.0,26.0,52.0,104.0,4.0,399.0,3055.465166330048,213448.205226997,59329.16963680302,23742.8463998696,37456.49999284973,1705.7257936413764,402716.0715102808
940GZZLUMHL,Mill Hill East,0.0,4.0,2.0,1.0,8.0,0.0,15.0,0.0,12208.877849202347,506.33860843098705,18309.463384259816,26931.259669279923,0.0,103616.5271881114
940GZZLUMMT,Monument,227.0,11.0,21.0,438.0,93.0,39.0,85.0,37579.62326365926,27041.577389594244,22703.440892222832,1480792.641283863,85445.0321902122,96172.83676047735,33550.25183877594
940GZZLUMPK,Moor Park,0.0,0.0,0.0,0.0,0.0,0.0,0.0,0.0,0.0,0.0,0.0,0.0,0.0,0.0
940GZZLUMGT,Moorgate,275.0,25.0,18.0,509.0,107.0,21.0,150.0,42453.991866026816,41744.5120028451,14041.085445923914,1310793.2895385225,68821.7113135693,40228.96857297929,102706.535145753
940GZZLUMDN,Morden,1.0,19.0,2.0,109.0,21.0,1.0,29.0,381.5288083350539,49768.12010568226,1234.7847869689922,30928.474892177663,75777.86071444917,6490.415681368376,358824.2142777562
940GZZLUMTC,Mornington Crescent,118.0,26.0,4.0,39.0,170.0,4.0,89.0,13043.659128561672,88292.12285526174,22349.690576783534,40666.92412621013,148151.41745505287,697.1819367237006,213358.37763528613
940GZZLUNDN,Neasden,0.0,9.0,2.0,5.0,6.0,0.0,20.0,0.0,67657.26862501133,479.2840513154352,3863.1302451809943,166893.97734569278,0.0,107790.99283629301
940GZZLUNBP,Newbury Park,1.0,14.0,3.0,5.0,29.0,2.0,27.0,3464.399592837939,133554.27942157487,1608.147386408204,3388.0014200771,128376.5532084495,4992.063291579256,81181.48473673346
940GZZNEUGST,Nine Elms,18.0,10.0,3.0,17.0,20.0,4.0,113.0,4344.995079256188,28004.121867045338,1393.866280631413,66772.70801548933,174585.17575491776,4384.384300438728,146650.72493628322
940GZZLUNAN,North Acton,4.0,2.0,0.0,15.0,2.0,3.0,23.0,1888.1049728167095,10349.167907345767,0.0,29137.45027419649,6261.588482895859,3617.7133048905202,69630.6526242978
940GZZLUNEN,North Ealing,0.0,15.0,6.0,1.0,8.0,2.0,36.0,0.0,155652.55809189982,2727.2265545484192,96.86818398301064,7606.820180542701,2830.6151276604764,127706.55144064908
940GZZLUNGW,North Greenwich,38.0,4.0,0.0,5.0,39.0,3.0,29.0,12538.199576553196,21330.786189336664,0.0,41095.41272360639,16524.689048404216,3872.788076432553,173072.22465407595
940GZZLUNHA,North Harrow,0.0,8.0,1.0,13.0,13.0,0.0,9.0,0.0,57035.0876366427,63.7818925526576,8800.74620111579,34169.62654987477,0.0,90281.05060290046
940GZZLUNWY,North Wembley,1.0,8.0,0.0,0.0,2.0,0.0,20.0,1260.4173564988955,86404.74400747102,0.0,0.0,16836.30263191273,0.0,62550.424461842864
940GZZLUNFD,Northfields,6.0,15.0,2.0,31.0,55.0,1.0,41.0,386.98528021561043,83508.53256718646,1610.2879121949513,24378.922567273556,45718.637711018404,591.0897302395255,241423.39006063022
940GZZLUNHT,Northolt,2.0,12.0,2.0,0.0,11.0,1.0,25.0,1252.3844984618167,94802.32549153073,222.47558942356147,0.0,18180.488458975942,385.8886307765311,200674.34236187293
940GZZLUNKP,Northwick Park,14.0,19.0,24.0,21.0,23.0,4.0,20.0,3191.9462029209562,212951.51856379808,117086.1451061656,10513.346972776064,61364.26068366732,1695.4869585320387,86827.26308326589
940GZZLUNOW,Northwood,5.0,11.0,1.0,0.0,4.0,0.0,18.0,1521.6290076741582,173358.57053528473,408.4134823333459,0.0,45455.599182404716,0.0,47410.899203703215
940GZZLUNWH,Northwood Hills,1.0,9.0,1.0,4.0,4.0,0.0,18.0,440.10656760388645,174664.71149314294,1120.7926889389787,4837.784022977805,41922.34258697748,0.0,101983.04540663432
940GZZLUNHG,Notting Hill Gate,48.0,30.0,7.0,67.0,120.0,63.0,85.0,6638.614926335923,46990.57078833441,946.3453814658063,51845.457345670824,84734.87649649249,28399.156465427273,357127.02306664543
940GZZLUOAK,Oakwood,0.0,10.0,0.0,0.0,39.0,0.0,28.0,0.0,82159.5631364499,0.0,0.0,6666.49376083177,0.0,237551.1945162142
940GZZLUODS,Old Street,172.0,32.0,8.0,265.0,85.0,22.0,103.0,23817.471753307113,82769.44780176357,16252.749294623733,440144.6727451564,111716.0127631066,22177.08354281541,122802.74273570113
940GZZLUOSY,Osterley,2.0,7.0,0.0,7.0,3.0,0.0,28.0,150.98792386018732,59338.390931306625,0.0,8127.504405203723,1333.812601067491,0.0,267590.3913612308
940GZZLUOVL,Oval,12.0,31.0,0.0,41.0,30.0,3.0,146.0,1967.8943332024444,72830.29526319023,0.0,93115.22326659349,56214.46549564721,482.6745991061978,365229.97274206113
940GZZLUOXC,Oxford Circus,501.0,33.0,45.0,765.0,735.0,57.0,36.0,57647.09523433548,30160.81998484486,10634.305532394847,315176.605059229,434197.5400469637,66177.40771795,61816.80458195771
940GZZLUPAC,Paddington,77.0,24.0,27.0,78.0,58.0,154.0,63.0,9595.48848791899,45751.06797439907,61049.56631921289,65766.97139904238,34977.387962368484,124004.01966333677,241454.4749523635
940GZZLUPAH,Paddington (H&C Line)-Underground,73.0,22.0,26.0,68.0,54.0,156.0,62.0,8725.158998272867,47355.390260698274,60749.29264261899,61301.37244083443,35495.93816230157,56871.81936460465,141483.20598959783
940GZZLUPKR,Park Royal,5.0,7.0,1.0,15.0,8.0,3.0,10.0,2051.1917522803433,46197.09143767699,174.30053909593033,40290.585365238185,27858.98125884854,4625.351926457474,88114.64262522718
940GZZLUPSG,Parsons Green,58.0,23.0,7.0,61.0,46.0,0.0,42.0,6955.53853070683,58158.532330290385,2176.0253169119424,13027.731509622294,116207.36207327024,0.0,212160.83695746475
940GZZLUPVL,Perivale,2.0,3.0,0.0,3.0,10.0,1.0,17.0,1820.689624869663,16849.391400909626,0.0,10948.75342562162,53345.150359411185,709.4797419402278,148846.3695929698
940GZZLUPCC,Piccadilly Circus,493.0,11.0,12.0,350.0,749.0,63.0,72.0,64846.54302179764,5686.359021863289,1944.475766708431,196414.31139862436,305092.3984824169,141618.8574083348,216542.0665609055
940GZZLUPCO,Pimlico,65.0,37.0,6.0,82.0,99.0,28.0,109.0,7147.535366928617,89080.79079631343,2519.4265526138897,193562.95204895176,44237.75691503659,22078.092859730637,122769.0463537793
940GZZLUPNR,Pinner,1.0,3.0,1.0,2.0,10.0,1.0,20.0,767.4508212669832,11021.166053511895,1241.4672827841607,497.8572832525555,106777.48817819414,424.40212020169895,152313.1199904374
940GZZLUPLW,Plaistow,21.0,31.0,4.0,35.0,55.0,0.0,617.0,1894.9784956662832,102814.90282176145,1918.0636587574704,12446.892301027807,42983.19995180617,0.0,547409.2401528119
940GZZLUPRD,Preston Road,1.0,8.0,0.0,0.0,0.0,0.0,22.0,526.0157638176523,131651.8147670477,0.0,0.0,0.0,0.0,178657.71669767768
940GZZLUPYB,Putney Bridge,66.0,12.0,0.0,84.0,131.0,2.0,147.0,8427.842167570896,35756.462011877775,0.0,58614.6770298072,125908.1111880375,3503.507486543843,603530.429827429
940GZZLUQPS,Queen's Park,33.0,29.0,11.0,23.0,24.0,1.0,76.0,3865.629941797641,49380.88726327485,2124.4143104714067,25732.271008456497,18226.380153551883,1004.1126692650522,199427.13690992072
940GZZLUQBY,Queensbury,0.0,7.0,1.0,1.0,8.0,0.0,9.0,0.0,88741.80421238976,13929.23261264755,122.56499868040558,97320.99592820733,0.0,93186.12127486533
940GZZLUQWY,Queensway,44.0,27.0,9.0,51.0,85.0,104.0,48.0,5969.592067975676,31709.917714820105,1522.0582612257472,46041.157456000285,76956.99204845064,47925.0123773001,707051.2378326446
940GZZLURVP,Ravenscourt Park,31.0,45.0,2.0,57.0,51.0,8.0,82.0,6526.307513707613,186610.039305122,1344.5332728557416,82436.11116474129,110630.59331139547,5254.169116250767,247046.69964533433
940GZZLURYL,Rayners Lane,0.0,4.0,0.0,5.0,3.0,0.0,24.0,0.0,27019.793702886054,0.0,25488.17758458892,31839.042584251103,0.0,123883.820556652
940GZZLURBG,Redbridge,0.0,6.0,0.0,1.0,3.0,0.0,49.0,0.0,62722.02563828839,0.0,604.4606799640197,2647.5469903376556,0.0,414785.92171921895
940GZZLURGP,Regent's Park,183.0,74.0,63.0,455.0,142.0,38.0,79.0,16837.474941515015,154982.26510110497,38617.80055022116,211351.67246061144,89729.50013084401,31769.320985340953,578500.2336354471
940GZZLURMD,Richmond,102.0,18.0,14.0,75.0,136.0,6.0,74.0,11464.260168791705,31416.880024757156,1908.1867167329988,33601.73951489615,200562.19482781054,2742.6550760747127,882657.0845727987
940GZZLURKW,Rickmansworth,0.0,0.0,0.0,0.0,0.0,0.0,0.0,0.0,0.0,0.0,0.0,0.0,0.0,0.0
940GZZLURVY,Roding Valley,1.0,0.0,0.0,0.0,0.0,0.0,16.0,342.5624947674948,0.0,0.0,0.0,0.0,0.0,237575.60969618818
940GZZLURYO,Royal Oak,33.0,33.0,7.0,50.0,25.0,50.0,70.0,6145.825910610142,80250.50916936538,3709.017270705661,41127.57987327309,38369.88926716759,20720.709372937716,138578.40709295086
940GZZLURSP,Ruislip,28.0,3.0,2.0,9.0,130.0,1.0,25.0,5954.751686785999,13226.406865516898,413.80727822596117,9781.234072022928,109726.52106968377,816.33282036416,66286.70802168165
940GZZLURSG,Ruislip Gardens,3.0,5.0,1.0,11.0,7.0,1.0,32.0,1270.008141060398,38571.02992657964,1237.8920654069238,42273.61473185476,18252.304624172706,443.46349745592045,201821.67909630926
940GZZLURSM,Ruislip Manor,15.0,4.0,1.0,6.0,66.0,1.0,21.0,2837.160190271965,59886.73787404157,22.410128627547735,9014.952429269488,73440.11394966692,816.33282036416,103190.66213753882
940GZZLURSQ,Russell Square,178.0,99.0,30.0,235.0,104.0,55.0,111.0,18783.9110381936,268650.7972687175,43888.055093852134,220874.93090257497,86392.13244903115,73810.34071062936,213269.52278831086
940GZZLUSVS,Seven Sisters,1.0,14.0,1.0,7.0,10.0,2.0,49.0,56.59909846060552,83113.0504293323,1796.5124891809191,19087.321099183613,55139.036368228204,464.38988956624956,145096.16825478867
940GZZLUSBC,Shepherd's Bush (Central),15.0,49.0,2.0,67.0,97.0,29.0,93.0,2604.149546775461,60542.06089043226,850.0574010940768,84565.90728812982,204036.62058649247,14548.681129888982,156293.91556999943
940GZZLUSBM,Shepherd's Bush Market,19.0,36.0,4.0,49.0,107.0,23.0,95.0,2867.852408511019,59412.79445462004,314.4443420985075,79529.59813873918,218389.2180661915,8462.914200208923,187393.7137380259
940GZZLUSSQ,Sloane Square,38.0,36.0,9.0,74.0,138.0,29.0,67.0,4378.200241707713,27560.622604494623,2799.384518654836,86973.64949788316,132547.78223086285,100552.62082811668,296732.2983788481
940GZZLUSNB,Snaresbrook,23.0,7.0,3.0,60.0,26.0,2.0,20.0,6809.113698414625,30758.96772102633,11853.90062415187,8680.876329675137,48031.78780608562,565.5910398201033,59755.09147209052
940GZZLUSEA,South Ealing,5.0,15.0,3.0,34.0,48.0,2.0,40.0,435.1993976646896,66706.46109618046,1659.4859834004824,26224.24601231656,44281.12330489777,2086.852525953673,243699.19656909132
940GZZLUSHH,South Harrow,4.0,19.0,1.0,4.0,8.0,1.0,12.0,662.5936717189985,115429.77287988842,264.59767667063386,685.3018400399887,87052.1647077036,530.8716973664675,29416.824526331486
940GZZLUSKS,South Kensington,36.0,75.0,28.0,61.0,58.0,48.0,88.0,4504.141016527802,212548.09211051476,54804.81344581305,68326.44629654328,83057.56818731413,108181.87955402953,211328.81797443138
940GZZLUSKT,South Kenton,1.0,8.0,0.0,0.0,1.0,0.0,21.0,360.8865683126696,72095.58705506581,0.0,0.0,5683.426442288772,0.0,152922.89921405294
940GZZLUSRP,South Ruislip,6.0,6.0,0.0,21.0,16.0,1.0,43.0,1782.803030483189,149491.61950290555,0.0,45499.94898895746,89399.41042598612,737.7403728687564,154872.89990799
940GZZLUSWN,South Wimbledon,19.0,22.0,7.0,28.0,34.0,4.0,68.0,3001.4724748697718,60152.40938020249,1971.1910286144641,60728.71333643771,127631.8880610263,2188.0637550786023,133889.00384560716
940GZZLUSWF,South Woodford,3.0,14.0,2.0,1.0,12.0,1.0,18.0,1335.290470617665,62492.893831705034,392.5397564668617,2627.161725345471,98688.45473023204,216.85598925267385,166755.92322166843
940GZZLUSFS,Southfields,17.0,36.0,4.0,7.0,63.0,0.0,47.0,2471.0212809966642,127003.67568409505,789.8600372799982,21594.51208417196,9277.678758923252,0.0,186859.0681515956
940GZZLUSGT,Southgate,0.0,19.0,1.0,15.0,37.0,2.0,43.0,0.0,198550.27016412315,196.88054186667844,5599.589503397552,48641.96492209987,1465.48485551273,274898.92489001155
940GZZLUSWK,Southwark,91.0,44.0,4.0,190.0,52.0,27.0,83.0,19677.1628121496,128738.93266062503,2415.7756528096006,471185.2365457162,52343.426030856186,60651.084024636475,84835.934359301
940GZZLUSJP,St. James's Park,58.0,36.0,2.0,162.0,32.0,35.0,87.0,7232.018484230525,49006.59100697211,765.3389402441419,216930.57190305533,58203.623479927286,106225.3496128317,470186.6081546364
940GZZLUSJW,St. John's Wood,10.0,29.0,10.0,18.0,18.0,2.0,47.0,2419.794474389332,94422.41942162588,26075.103987177983,13835.841557720814,2852.524372593033,1887.5304217579076,233953.39723442128
940GZZLUSPU,St. Paul's,287.0,19.0,19.0,463.0,107.0,29.0,139.0,44313.200671075436,54390.728061378926,28889.062462842503,1194183.9473855335,80741.77208751504,50863.11610614035,78818.53685118929
940GZZLUSFB,Stamford Brook,37.0,13.0,2.0,35.0,69.0,2.0,57.0,5296.808580754785,35970.81260547406,73.83900713582474,17937.036295227346,74940.95887500411,663.5769546267154,263174.2146289469
940GZZLUSTM,Stanmore,1.0,3.0,0.0,3.0,4.0,0.0,11.0,114.82653821632825,87730.60191316696,0.0,133.6349008220469,63828.30869989718,0.0,53711.24855531615
940GZZLUSGN,Stepney Green,14.0,68.0,27.0,52.0,45.0,4.0,735.0,2638.7820849938507,259320.57101425127,66893.57137587431,33296.55996128573,92914.3989169124,2663.7095066170077,376219.0678258685
940GZZLUSKW,Stockwell,22.0,24.0,3.0,12.0,48.0,1.0,83.0,3362.654113900008,89487.56498321443,20645.692621335435,31301.04734986381,60817.01785442456,120.73491522231242,147071.68748430128
940GZZLUSGP,Stonebridge Park,1.0,1.0,0.0,6.0,5.0,0.0,11.0,49.63131451148501,5295.567192409693,0.0,16952.205821063948,30658.307319558106,0.0,116505.07872716982
940GZZLUSTD,Stratford,102.0,30.0,7.0,160.0,193.0,16.0,445.0,18333.188604544805,112409.94369446389,3068.309667610253,148042.48449770882,468160.1843925141,15097.490546923726,417192.896752141
940GZZLUSUH,Sudbury Hill,1.0,18.0,3.0,3.0,16.0,0.0,26.0,647.834681842649,112399.38229020216,3263.5769737911037,1048.2314673511473,24884.396281173507,0.0,98347.88197777652
940GZZLUSUT,Sudbury Town,0.0,3.0,3.0,1.0,9.0,0.0,15.0,0.0,17304.064909514156,7336.98251371007,1352.1559012199768,26899.10309555368,0.0,300996.8580269303
940GZZLUSWC,Swiss Cottage,20.0,43.0,2.0,26.0,20.0,6.0,68.0,1891.9610898197395,80025.75463088443,150.27677158225148,7764.661375427724,70841.92423202256,9969.04216237789,90647.18177402654
940GZZLUTMP,Temple,226.0,74.0,4.0,208.0,131.0,34.0,80.0,30578.759285948257,154008.8472539835,395.6560203355242,270998.0799109297,31294.961656581097,101460.93329186157,166413.2072350934
940GZZLUTHB,Theydon Bois,0.0,0.0,0.0,0.0,0.0,0.0,0.0,0.0,0.0,0.0,0.0,0.0,0.0,0.0
940GZZLUTBC,Tooting Bec,15.0,20.0,6.0,1.0,88.0,0.0,13.0,2260.088316074624,64678.66743587539,39649.27352928161,497.1810022251024,125192.74314081592,0.0,94146.19275608654
940GZZLUTBY,Tooting Broadway,27.0,23.0,38.0,13.0,233.0,1.0,26.0,4393.347423727245,205970.40583803065,211232.88922625367,1708.6725036172097,197865.81956409258,430.83926328721833,23333.778008949455
940GZZLUTCR,Tottenham Court Road,608.0,81.0,33.0,593.0,805.0,65.0,77.0,69864.08271407487,134584.2660226733,8548.870251815608,332937.86961887195,310957.4902085221,96131.03719711602,128707.67754050317
940GZZLUTMH,Tottenham Hale,5.0,9.0,2.0,13.0,13.0,2.0,40.0,1266.2529035041136,58390.351964102905,1942.8589427637226,16892.063743101862,75103.12010041616,919.6472500447087,215872.09201245074
940GZZLUTAW,Totteridge & Whetstone,19.0,7.0,2.0,12.0,24.0,0.0,43.0,2863.4697513767087,30462.46927895026,131.61673526149514,2982.463000972197,105971.64442976016,0.0,409940.78108111396
940GZZLUTWH,Tower Hill,115.0,23.0,7.0,293.0,80.0,36.0,97.0,14827.237418464814,48697.07035726361,8033.031305859379,957639.981975379,93202.03920226298,85322.33174366015,50901.30462407569
940GZZLUTFP,Tufnell Park,50.0,28.0,4.0,25.0,46.0,0.0,81.0,6381.287119422999,116257.86044736276,3979.787686967769,36305.59041153839,45147.74344184391,0.0,73669.59082830287
940GZZLUTNG,Turnham Green,43.0,11.0,4.0,31.0,72.0,3.0,51.0,5972.575049460636,31740.265414699166,685.9393447627573,9829.885276692336,108672.55935809437,1109.6043836334052,179256.99893498668
940GZZLUTPN,Turnpike Lane,8.0,11.0,1.0,41.0,110.0,0.0,148.0,497.8892384113133,37597.87677349645,223.73181821921517,14711.12128072149,147979.60531430537,0.0,344343.86801164586
940GZZLUUPM,Upminster,49.0,26.0,2.0,16.0,108.0,2.0,13.0,6076.432989675778,139536.78231612756,212.22948013052405,11573.43086631694,72741.53304722639,389.5427716593032,117817.67994411255
940GZZLUUPB,Upminster Bridge,13.0,17.0,1.0,4.0,14.0,2.0,20.0,2090.924145618705,85352.51774194273,143.32315650447734,11899.307439689934,14285.97461110815,389.5427716593032,122590.24688487044
940GZZLUUPY,Upney,1.0,20.0,3.0,1.0,7.0,1.0,26.0,515.2839312996688,152205.12241245704,13173.496038602567,61.39941155142137,14794.823302874525,481.09832336115716,258354.58432029618
940GZZLUUPK,Upton Park,66.0,52.0,12.0,217.0,78.0,0.0,247.0,8015.014385122738,156956.73123890723,16115.166880198047,53588.6590661084,127584.64557622591,0.0,219257.69871792814
940GZZLUUXB,Uxbridge,9.0,12.0,1.0,27.0,10.0,3.0,29.0,2460.404023334787,131671.42966073158,1049.961506937077,115052.74967324453,248941.2483902577,1618.8965621017753,103596.7137470167
940GZZLUVXL,Vauxhall,26.0,34.0,4.0,50.0,15.0,10.0,136.0,5239.301697767359,89445.77431866236,1439.6721822020581,164010.07536370336,32668.069348577388,20066.78706632663,212845.4765932949
940GZZLUVIC,Victoria,111.0,19.0,9.0,153.0,121.0,55.0,77.0,12793.718089860213,34706.97445505825,2366.5875187038073,186613.4309894,122483.1241395162,52409.136338613614,402517.1456070241
940GZZLUWWL,Walthamstow Central,82.0,18.0,8.0,33.0,292.0,1.0,31.0,10285.918500218853,73798.06930218087,917.494088049424,18864.14806682853,217099.37664798045,553.4022314807901,27250.590903987522
940GZZLUWSD,Wanstead,22.0,9.0,2.0,60.0,28.0,3.0,134.0,3845.7084659396446,49103.847355635524,155.43070702604427,8680.876329675137,46582.282321128216,477.6831802804907,379549.7733782441
940GZZLUWRR,Warren Street,201.0,105.0,40.0,360.0,182.0,37.0,77.0,19927.254643983193,281566.21724101977,25343.926406993487,240649.81090260678,128829.10135200572,22918.320909333735,238288.27897777333
940GZZLUWKA,Warwick Avenue,28.0,30.0,6.0,33.0,26.0,5.0,73.0,4792.70248338177,73481.0778879572,2120.9165242787967,35452.72167477263,11509.255052525004,3184.3111691743425,183320.7223952794
940GZZLUWLO,Waterloo,44.0,21.0,12.0,74.0,42.0,29.0,76.0,7981.444947488887,53235.942361407644,97956.62609623605,161830.93133199782,61454.09488270862,71770.61928635782,165639.10858123782
940GZZLUWAF,Watford,0.0,0.0,0.0,0.0,0.0,0.0,0.0,0.0,0.0,0.0,0.0,0.0,0.0,0.0
940GZZLUWYC,Wembley Central,64.0,14.0,6.0,27.0,75.0,3.0,31.0,8393.34162485793,70630.06887687171,8399.107557990625,17554.943247035724,83045.48492933926,1051.1227774052013,55413.472634753496
940GZZLUWYP,Wembley Park,8.0,13.0,1.0,4.0,14.0,4.0,16.0,1730.9292443837514,122982.23672144194,833.1426123338327,12174.4698573116,107440.10996546569,37382.20302669524,55906.43532161209
940GZZLUWTA,West Acton,2.0,15.0,1.0,4.0,5.0,1.0,34.0,611.8278261158501,96123.89308627044,174.30053909593033,1964.741105663226,5858.65792461224,224.29931046439285,164672.2115768272
940GZZLUWBN,West Brompton,75.0,30.0,17.0,36.0,68.0,62.0,70.0,7998.5797457440685,64808.73571484699,2273.903698770654,82298.26663429839,123339.34061179512,22902.16409912035,119981.72394932974
940GZZLUWFN,West Finchley,2.0,9.0,1.0,3.0,13.0,0.0,29.0,422.82559314976277,52349.46453690281,4862.119661365309,1243.0905984422557,91428.50618921917,0.0,190131.33575106165
940GZZLUWHM,West Ham,5.0,21.0,1.0,41.0,11.0,0.0,233.0,231.75434963381633,96202.4277622174,375.3948441413299,130255.51037839116,5628.440549951928,0.0,246191.80124003865
940GZZLUWHP,West Hampstead,69.0,18.0,8.0,32.0,49.0,2.0,86.0,6960.430715905032,30088.41100364553,1034.6262350822747,23733.569238763263,175343.46422732653,655.763084014411,144797.1005266307
940GZZLUWHW,West Harrow,1.0,7.0,1.0,12.0,11.0,0.0,29.0,80.5796311858973,64268.86565751421,127.98868916568952,8548.187641414277,9302.629996397998,0.0,268588.3534050147
940GZZLUWKN,West Kensington,68.0,36.0,13.0,71.0,57.0,31.0,83.0,6878.156523791345,84707.38369896827,1573.0703873239947,152427.58014811078,54330.27251247526,14087.14708300532,153813.39052390103
940GZZLUWRP,West Ruislip,3.0,3.0,1.0,8.0,12.0,1.0,20.0,1112.048889904866,14366.333947342957,427.69419096716337,3394.370342408596,10388.466961134069,1575.2350893138853,87043.03067145351
940GZZLUWSP,Westbourne Park,37.0,53.0,6.0,37.0,107.0,4.0,72.0,4340.061346726073,111576.73245933803,3635.8072247319,18169.422784910985,77247.83493528936,1159.0224243248902,94011.14666343955
940GZZLUWSM,Westminster,53.0,27.0,9.0,141.0,13.0,31.0,71.0,7644.787099764587,22323.380713608287,96545.95110533733,216407.57349441145,14278.314733125382,106490.82333358962,374062.8346392533
940GZZLUWCY,White City,8.0,46.0,3.0,70.0,47.0,4.0,143.0,1385.8785697832295,172750.24284571622,800.6273467768832,170617.97722619446,132929.7599651015,971.017759371842,241635.12620714272
940GZZLUWPL,Whitechapel,72.0,55.0,13.0,102.0,208.0,15.0,164.0,6284.91400266689,229729.00708395152,108734.73852089359,129596.3133316579,260859.97934280976,9250.354903478094,199607.7063266676
940GZZLUWIG,Willesden Green,6.0,9.0,10.0,10.0,28.0,2.0,15.0,687.6441199237308,24429.98678421377,1055.2126219304744,3627.2955205158487,25211.117768487245,1302.9005518019312,17479.62313424917
940GZZLUWJN,Willesden Junction,5.0,14.0,2.0,32.0,34.0,0.0,10.0,1784.745854726123,57538.41877768931,304.9179386576113,176274.01934815315,75378.47617642004,0.0,10699.596795574904
940GZZLUWIM,Wimbledon,52.0,21.0,9.0,58.0,72.0,5.0,27.0,5862.774642085383,65467.66396347392,2606.9216580428492,41713.91963282465,164862.50781899816,3380.122611493797,80747.69280297082
940GZZLUWIP,Wimbledon Park,16.0,6.0,2.0,32.0,40.0,0.0,72.0,1465.6151857502618,39412.294899349676,434.7015471025786,8437.437128424179,30905.47771392914,0.0,305739.36475302227
940GZZLUWOG,Wood Green,8.0,31.0,2.0,41.0,45.0,1.0,181.0,1741.9470787288628,91026.12580834891,1706.1048687911489,32729.448251307804,167999.91648099094,964.7279099892231,359537.5954558272
940GZZLUWLA,Wood Lane,16.0,52.0,3.0,63.0,79.0,10.0,136.0,2569.7977569140476,157933.86469953405,167.20471103755017,167998.74599712528,180670.057543648,5101.318759428693,253431.5304294221
940GZZLUWOF,Woodford,2.0,7.0,1.0,1.0,15.0,0.0,24.0,349.5537151804549,59147.63651757567,227.58672022665922,366.7813026473494,50509.39853738475,0.0,58745.02471349447
940GZZLUWOP,Woodside Park,1.0,21.0,0.0,6.0,20.0,0.0,15.0,133.23414065254968,64416.108222402785,0.0,1973.0244060085934,99686.87712599676,0.0,95252.6742363562
