mode,mnlc,masc,station,coverage,source,entries_monday,entries_midweek,entries_friday,entries_saturday,entries_sunday,exits_monday,exits_midweek,exits_friday,exits_saturday,exits_sunday,weekly_total,twelve_week_total,annualised_total
LU,500,ACTu,Acton Town,Station entry/exit,Gateline,7288,8125,8016,6552,4684,7546,8438,8245,6696,5224,103940,1188670,4823835
LU,502,ALDu,Aldgate,Station entry/exit,Gateline,10183,12769,9612,6518,4860,11247,14494,11040,7982,5387,148617,1699609,6897314
LU,503,ALEu,Aldgate East,Station entry/exit,Gateline,16046,19106,18158,17203,12549,15225,17758,17903,17163,11058,235895,2697738,10947896
LU,505,ALPu,Alperton,Station entry/exit,Gateline,4187,4234,4294,3532,2487,4497,4539,4413,3682,2580,55992,640338,2598605
LU,506,AMEu,Amersham,Station entry/exit,Gateline,2807,3373,2724,2093,1209,2712,3237,2748,1914,1228,37266,426182,1729521
LU,507,ANGu,Angel,Station entry/exit,Gateline,16331,20242,19840,18253,12006,17207,21791,21935,20196,12276,264142,3020769,12258814
LU,508,ARCu,Archway,Station entry/exit,Gateline,11128,12701,12423,10171,7087,10801,12259,11356,9107,6838,153792,1758791,7137484
LU,509,AGRu,Arnos Grove,Station entry/exit,Gateline,5172,5771,5770,4808,3488,4865,5400,5417,4542,3391,70967,811592,3293586
LU,510,ARLu,Arsenal,Station entry/exit,Gateline,3118,3827,3740,3734,2482,3002,3553,3338,3470,2459,47480,542992,2203557
LU,511,BSTu,Baker Street,Station entry/exit,Gateline,32085,36489,36140,29380,18964,32697,37438,37109,29574,19221,456950,5225764,21207073
LU,512,BALu,Balham LU,Station entry/exit,Gateline,14062,16938,16374,15977,9477,14040,16854,15633,15309,9524,211773,2421874,9828394
LU,513,BNKu,Bank and Monument,Station entry/exit,Gateline,58761,79701,52366,27620,18080,60145,81267,54557,29072,18054,801559,9166763,37200346
LU,501,BARu,Barbican,Station entry/exit,Gateline,8391,10100,7908,4566,3558,8727,10611,8123,4724,3603,111733,1277793,5185508
LU,514,BKGu,Barking,Station entry/exit,Gateline,24831,26140,25508,20113,14261,24873,26327,25471,19439,14263,326159,3730011,15137045
LU,515,BDEu,Barkingside,Station entry/exit,Gateline,1908,2130,1914,1330,925,1947,2168,1932,1343,953,25146,287577,1167037
LU,516,BCTu,Barons Court,Station entry/exit,Gateline,8287,10030,8812,6366,4332,8274,9161,8707,6131,4444,112926,1291442,5240900
LU,832,BPSu,Battersea Power Station,Station entry/exit,Gateline,10265,13973,12517,19599,9656,9912,12800,11775,17766,9186,180992,2069854,8399835
LU,517,BAYu,Bayswater,Station entry/exit,Gateline,5338,5898,6315,6523,5129,5028,5475,5863,5992,4230,78538,898171,3644937
LU,518,BECu,Becontree,Station entry/exit,Gateline,4844,5331,5046,3495,2341,4917,5163,4742,3300,2304,62473,714448,2899358
LU,519,BPKu,Belsize Park,Station entry/exit,Gateline,7823,9021,8262,6473,4846,7869,8871,8135,6239,4909,108230,1237732,5022937
LU,787,BERu,Bermondsey,Station entry/exit,Gateline,10008,11478,11595,11069,7171,9752,11141,11224,10837,7050,146564,1676135,6802053
LU,520,BNGu,Bethnal Green LU,Station entry/exit,Gateline,14369,17155,17340,17156,12147,13540,16240,16583,16574,11373,219270,2507607,10176312
LU,521,BLFu,Blackfriars LU,Station entry/exit,Gateline,15884,19764,14449,12171,8610,15161,18997,13821,10977,7065,214419,2452137,9951205
LU,522,BHRu,Blackhorse Road,Station entry/exit,Gateline,13856,15992,15397,13222,9116,13234,14975,14279,12480,8911,193394,2211686,8975412
LU,524,BDSu,Bond Street,Station entry/exit,Gateline,54309,64747,57923,55393,35619,55596,66105,60746,57581,36668,806390,9222012,37424555
LU,525,BORu,Borough,Station entry/exit,Gateline,5700,7150,6496,5755,3485,5747,7557,6613,5928,3804,87650,1002377,4067823
LU,526,BOSu,Boston Manor,Station entry/exit,Gateline,2306,2486,2447,1761,1243,2403,2661,2367,1694,1276,30938,353817,1435853
LU,527,BGRu,Bounds Green,Station entry/exit,Gateline,6626,7473,7449,6185,4212,6416,7184,6992,5874,4208,91932,1051349,4266560
LU,528,BWRu,Bow Road,Station entry/exit,Gateline,6444,7144,7139,6115,4482,6269,6818,6627,5849,4776,89585,1024506,4157626
LU,529,BTXu,Brent Cross,Station entry/exit,Gateline,3066,3389,2964,2372,1782,2996,3275,2913,2270,1735,40091,458484,1860607
LU,778,BRXu,Brixton LU,Station entry/exit,Gateline,28089,33083,34583,34458,23130,27499,32069,34094,33994,23265,434569,4969807,20168356
LU,530,BBBu,Bromley-by-Bow,Station entry/exit,Gateline,5821,6574,6225,4799,3919,5786,6487,6024,4694,3868,80320,918554,3727656
LU,531,BHLu,Buckhurst Hill,Station entry/exit,Gateline,2819,3316,2949,2280,1441,2770,3267,2901,2131,1444,38483,440099,1786001
LU,532,BURu,Burnt Oak,Station entry/exit,Gateline,5189,5532,5259,3737,2905,5012,5280,5091,3526,2863,66016,754969,3063800
LU,534,CRDu,Caledonian Road,Station entry/exit,Gateline,6906,7686,7687,6178,4603,6500,7241,6993,5692,4477,93818,1072914,4354076
LU,535,CTNu,Camden Town,Station entry/exit,Gateline,23798,26322,31478,33131,27507,24387,27256,32894,42368,28916,405212,4634069,18805872
LU,788,CWRu,Canada Water,Station entry/exit,Gateline,13515,15121,15890,16413,11517,13715,15393,16097,15855,11808,206351,2359861,9576731
LU,852,CWFu,Canary Wharf LU,Station entry/exit,Gateline,47422,56704,44915,38264,26666,49077,58810,46206,39309,26664,665067,7605824,30865778
LU,884,CNTu,Canning Town,Station entry/exit,Gateline,18147,19345,20528,19610,15445,18207,19624,21303,20735,14769,265650,3038019,12328817
LU,536,CSTu,Cannon Street LU,Station entry/exit,Gateline,6573,8611,5568,3287,1999,6067,7971,5072,2805,1672,82787,946769,3842155
LU,537,CPKu,Canons Park,Station entry/exit,Gateline,3397,3698,3416,2812,1789,3353,3673,3346,2636,1814,44675,510909,2073359
LU,539,CLFu,Chalfont & Latimer,Station entry/exit,Gateline,2888,3061,2392,2111,992,2731,2716,2316,2542,1278,34582,395482,1604937
LU,540,CHFu,Chalk Farm,Station entry/exit,Gateline,6254,7453,8378,10233,5628,5420,6592,7324,7582,4714,97665,1116915,4532637
LU,541,CYLu,Chancery Lane,Station entry/exit,Gateline,12649,16649,11084,5046,2511,13410,17917,11915,5349,2477,168141,1922894,7803444
LU,718,CHXu,Charing Cross LU,Station entry/exit,Gateline,20406,24918,22836,25975,16870,19519,23622,22049,25557,13263,312094,3569161,14484286
LU,543,CHMu,Chesham,Station entry/exit,Gateline,1575,1877,1602,1242,725,1496,1737,1562,1113,679,20834,238257,966889
LU,544,CHGu,Chigwell,Station entry/exit,Gateline,620,714,581,318,212,507,595,513,273,209,7160,81880,332284
LU,545,CHPu,Chiswick Park,Station entry/exit,Gateline,3058,3688,3125,2516,1643,3430,4094,3363,2454,1762,44698,511176,2074444
LU,546,CWDu,Chorleywood,Station entry/exit,Gateline,3003,3122,2510,1763,1282,2272,2317,1833,1266,1110,31357,358609,1455300
LU,547,CPCu,Clapham Common,Station entry/exit,Gateline,10050,12472,12842,14141,8197,11032,13935,13667,15100,8989,173240,1981200,8040059
LU,548,CPNu,Clapham North,Station entry/exit,Gateline,6805,8061,9087,9313,5239,7222,8804,8932,9681,5404,112280,1284056,5210928
LU,549,CPSu,Clapham South,Station entry/exit,Gateline,9081,11319,10374,9364,5678,9220,11231,9875,9005,6006,136253,1558214,6323510
LU,550,CFSu,Cockfosters,Station entry/exit,Gateline,2057,2346,2369,2496,1510,2051,2409,2392,2460,1649,31249,357364,1450247
LU,551,COLu,Colindale,Station entry/exit,Gateline,10120,11203,10696,8454,6269,9857,10897,10220,7994,6147,136058,1555978,6314434
LU,552,CLWu,Colliers Wood,Station entry/exit,Gateline,8039,9190,9136,8342,5693,7800,8798,8653,7798,5625,115049,1315718,5339416
LU,553,COVu,Covent Garden,Station entry/exit,Gateline,14145,17681,18221,22652,14622,16696,20531,22051,30628,17279,270929,3098390,12573815
LU,554,CRXu,Croxley,Station entry/exit,Gateline,1449,1684,1379,751,436,1422,1669,1362,716,471,18046,206372,837496
LU,555,DGEu,Dagenham East,Station entry/exit,Gateline,4590,4892,4622,3218,2400,4261,4577,4348,2888,2270,57004,651907,2645552
LU,556,DGHu,Dagenham Heathway,Station entry/exit,Gateline,8095,8694,8515,5702,4040,7944,8564,8360,5554,4040,104024,1189639,4827763
LU,557,DEBu,Debden,Station entry/exit,Gateline,3176,3532,3132,1970,1227,3107,3439,2982,1897,1264,39669,453661,1841035
LU,558,DHLu,Dollis Hill,Station entry/exit,Gateline,5097,5503,5408,4232,3113,4687,4961,4870,3846,2942,65587,750064,3043893
LU,560,EBYu,Ealing Broadway,Station entry/exit,Gateline,22063,25758,24877,21081,14778,24870,27290,25426,22951,17265,332452,3801975,15429088
LU,561,ECMu,Ealing Common,Station entry/exit,Gateline,2935,3338,3294,2762,1962,3001,3411,3290,2614,2015,42123,481721,1954910
LU,562,ECTu,Earl's Court,Station entry/exit,Gateline,23468,25726,26109,23500,19063,23245,25919,26894,24498,18294,340007,3888374,15779710
LU,563,EACu,East Acton,Station entry/exit,Gateline,5019,5594,5225,3931,2734,5095,5606,5187,3983,2689,67462,771506,3130908
LU,565,EFYu,East Finchley,Station entry/exit,Gateline,8026,9555,8330,6966,4609,7948,9374,8011,6607,4720,112004,1280894,5198096
LU,566,EHMu,East Ham,Station entry/exit,Gateline,17788,18335,18454,14959,12043,17317,17967,17666,13854,11448,232437,2658187,10787392
LU,567,EPYu,East Putney,Station entry/exit,Gateline,8923,10176,9622,8084,5810,8943,10149,9052,7408,5845,124658,1425606,5785361
LU,564,ETEu,Eastcote,Station entry/exit,Gateline,3472,3971,3582,2858,1667,3393,3937,3475,2660,1671,46501,531796,2158123
LU,568,EDGu,Edgware,Station entry/exit,Gateline,6586,7017,6680,5344,3894,6598,7009,6685,5423,3767,87052,995537,4040066
LU,774,ERBu,Edgware Road (Bak),Station entry/exit,Gateline,5104,5596,5432,5901,3403,5189,6004,5728,5177,3448,74182,848354,3442771
LU,569,ERDu,Edgware Road (DIS),Station entry/exit,Gateline,8663,10012,9268,8078,5788,8507,9760,9120,8007,5563,122308,1398736,5676320
LU,570,ELEu,Elephant & Castle LU,Station entry/exit,Gateline,21000,25283,24005,22126,15005,20187,23304,22964,21126,14573,306745,3507992,14236050
LU,571,EPKu,Elm Park,Station entry/exit,Gateline,4226,4841,4166,2836,1916,4089,4741,4091,2797,1923,54791,626594,2542830
LU,542,EMBu,Embankment,Station entry/exit,Gateline,21973,28762,26468,31414,19679,21598,28321,26034,30847,18143,367405,4201706,17051267
LU,572,EPPu,Epping,Station entry/exit,Manual Count,4667,5343,5457,5730,3453,4656,5434,5099,5229,3972,70594,807325,3276268
LU,574,EUSu,Euston LU,Station entry/exit,Gateline,41115,50032,48535,45359,34321,41734,50663,52559,46428,33522,645660,7383875,29965071
LU,575,ESQu,Euston Square,Station entry/exit,Gateline,18161,20811,17750,10271,8161,19293,22315,19845,10497,8818,242175,2769556,11239346
LU,576,FLPu,Fairlop,Station entry/exit,Gateline,1441,1621,1437,1280,776,1374,1502,1372,1252,786,19087,218281,885823
LU,577,FARu,Farringdon,Station entry/exit,Gateline,65397,84203,62876,35288,23739,63536,80892,60968,34078,22235,863400,9873986,40070382
LU,578,FYCu,Finchley Central,Station entry/exit,Gateline,9795,11621,10398,7709,4723,9597,11151,10057,6928,7335,134860,1542284,6258859
LU,579,FRDu,Finchley Road,Station entry/exit,Gateline,11326,12418,12354,9410,7196,11076,11951,11652,8819,6860,151800,1736008,7045026
LU,580,FPKu,Finsbury Park,Station entry/exit,Gateline,28655,33928,33814,32968,24806,28334,33547,33019,32506,24753,441280,5046548,20479785
LU,581,FBYu,Fulham Broadway,Station entry/exit,Gateline,10439,12165,11726,9502,6348,10557,12056,11062,8818,5904,147019,1681334,6823150
LU,582,GHLu,Gants Hill,Station entry/exit,Gateline,8013,8768,8132,5895,4388,7593,8326,7773,5682,4245,103003,1177960,4780369
LU,583,GRDu,Gloucester Road,Station entry/exit,Gateline,18015,19562,20131,15774,12187,17109,19050,19344,14987,11251,244635,2797689,11353518
LU,584,GGRu,Golders Green,Station entry/exit,Gateline,9528,10353,10117,7681,6450,9585,10386,10118,7628,6622,129944,1486057,6030683
LU,585,GHRu,Goldhawk Road,Station entry/exit,Gateline,2712,3151,3135,2770,1690,2680,3097,2896,2497,1763,38886,444701,1804676
LU,586,GSTu,Goodge Street,Station entry/exit,Gateline,8240,9484,7781,5251,2954,8646,10369,8814,5825,3114,110183,1260067,5113576
LU,587,GRHu,Grange Hill,Station entry/exit,Gateline,725,815,702,434,266,662,721,577,343,241,8560,97896,397280
LU,588,GPSu,Great Portland Street,Station entry/exit,Gateline,8787,10667,8174,4873,3473,8863,10805,8323,5030,3275,115214,1317603,5347065
LU,590,GPKu,Green Park,Station entry/exit,Gateline,38040,46982,42165,37511,25109,42144,53512,49212,44776,28206,608649,6960614,28247401
LU,589,GFDu,Greenford,Station entry/exit,Gateline,5308,5771,5366,4411,2794,5452,5842,5394,4067,2813,70443,805593,3269238
LU,591,GUNu,Gunnersbury,Station entry/exit,Gateline,6558,7931,6200,4626,2849,6405,7785,5886,4792,2710,87174,996942,4045767
LU,592,HAIu,Hainault,Station entry/exit,Gateline,4911,5299,5020,3431,2226,4662,5085,4800,3192,2255,61647,705001,2861021
LU,593,HMDu,Hammersmith (DIS),Station entry/exit,Gateline,32977,35262,32909,28909,18685,32788,35208,32469,28768,18290,437205,4999946,20290665
LU,773,HMSu,Hammersmith (H&C),Station entry/exit,Gateline,13669,15654,14224,12746,7960,13327,15093,13535,12326,7600,187628,2145740,8707793
LU,594,HMPu,Hampstead,Station entry/exit,Gateline,5230,5963,6026,5549,4794,5949,6693,6825,5994,5472,83807,958430,3889479
LU,595,HLNu,Hanger Lane,Station entry/exit,Gateline,4015,4667,4258,3466,2435,3822,4424,4097,3169,2352,54887,627702,2547324
LU,596,HARu,Harlesden,Station entry/exit,Gateline,4122,4538,4497,2787,1742,4070,4447,4446,2702,1822,53142,607740,2466317
LU,597,HAWu,Harrow & Wealdstone,Station entry/exit,Gateline,5982,6565,6255,4541,2952,5674,6179,5746,4050,2847,76278,872325,3540050
LU,598,HOHu,Harrow-on-the-Hill,Station entry/exit,Gateline,13126,14096,13883,11129,7956,13750,15086,14654,11447,8267,181760,2078633,8435460
LU,779,HTXu,Hatton Cross,Station entry/exit,Gateline,4406,4657,4684,4051,3374,4522,4692,4640,4076,3660,61460,702867,2852360
LU,781,HRFu,Heathrow Terminal 4 LU,Station entry/exit,Gateline,2192,2172,2638,2191,2682,2221,1982,2259,2193,2465,31303,357989,1452783
LU,783,HRVu,Heathrow Terminal 5 LU,Station entry/exit,Gateline,6250,5810,6778,5435,6376,4918,4628,5219,4474,5528,76292,872493,3540730
LU,780,HRCu,Heathrow Terminals 123 LU,Station entry/exit,Gateline,9404,8870,10013,8727,9249,8505,6668,7626,7232,8303,115674,1322873,5368454
LU,601,HNDu,Hendon Central,Station entry/exit,Gateline,8982,9535,8934,6350,4832,8561,8933,8351,5724,4479,111612,1276414,5179915
LU,602,HBTu,High Barnet,Station entry/exit,Gateline,5260,5948,5788,4037,2798,5084,5768,5574,3741,2806,70238,803254,3259745
LU,605,HSTu,High Street Kensington,Station entry/exit,Gateline,13859,16086,16032,14501,10397,13515,15806,15453,13796,9596,202824,2319529,9413060
LU,603,HBYu,Highbury & Islington,Station entry/exit,Gateline,19669,22947,23854,21943,14046,21226,24118,24739,23136,14927,304734,3484991,14142708
LU,604,HIGu,Highgate,Station entry/exit,Gateline,6363,7665,7296,6388,4135,6509,7798,7221,6317,4364,94980,1086212,4408040
LU,606,HDNu,Hillingdon,Station entry/exit,Gateline,2275,2511,2397,1831,1346,2010,2333,2183,1676,1349,29600,338509,1373730
LU,607,HOLu,Holborn,Station entry/exit,Gateline,29787,36748,31465,24135,14340,31880,39599,34284,26207,14994,436134,4987702,20240977
LU,608,HPKu,Holland Park,Station entry/exit,Gateline,4048,4667,4472,3256,2282,4148,4762,4489,3250,2311,56544,646647,2624208
LU,609,HRDu,Holloway Road,Station entry/exit,Gateline,8488,9004,8830,6529,4501,8549,8933,8411,6315,4596,110031,1258329,5106522
LU,610,HCHu,Hornchurch,Station entry/exit,Gateline,2658,3045,2718,1746,1050,2705,3091,2730,1849,1115,34977,400009,1623305
LU,611,HNCu,Hounslow Central,Station entry/exit,Gateline,4955,5121,4975,4114,3036,4854,5102,4983,3968,3099,64652,739368,3000487
LU,612,HNEu,Hounslow East,Station entry/exit,Gateline,5234,5438,5461,4800,3711,5388,5805,5665,4843,3798,72629,830601,3370726
LU,613,HNWu,Hounslow West,Station entry/exit,Gateline,4273,4510,4572,4020,3390,4262,4537,4559,4067,3529,59815,684057,2776023
LU,614,HPCu,Hyde Park Corner,Station entry/exit,Gateline,5467,6484,6322,8648,4649,5799,6510,6575,8316,4867,89623,1024938,4159381
LU,615,ICKu,Ickenham,Station entry/exit,Gateline,1396,1540,1444,1035,642,1403,1589,1434,998,659,18397,210391,853803
LU,616,KENu,Kennington,Station entry/exit,Gateline,6409,7706,7905,7655,5085,6322,7573,7707,7650,5261,99829,1141663,4633070
LU,617,KGNu,Kensal Green,Station entry/exit,Gateline,2773,3258,3127,2484,1659,2661,3177,3035,2365,1741,39152,447753,1817060
LU,618,OLYu,Kensington (Olympia),---see LO---,---,---,---,---,---,---,---,---,---,---,---,---,---,---
LU,619,KTNu,Kentish Town,---Station Closed---,---,---,---,---,---,---,---,---,---,---,---,---,---,---
LU,620,KETu,Kenton,Station entry/exit,Gateline,2586,2635,2585,1883,1240,2579,2687,2639,1876,1302,32655,373446,1515511
LU,621,KEWu,Kew Gardens,Station entry/exit,Gateline,5146,7139,5518,6367,4509,5002,7066,5172,6106,4405,84838,970218,3937317
LU,622,KILu,Kilburn,Station entry/exit,Gateline,8469,9432,9434,8229,6020,8444,9343,9153,8061,5956,120090,1373366,5573360
LU,623,KPKu,Kilburn Park,Station entry/exit,Gateline,3932,4428,4517,4222,2800,3790,4287,4274,3983,2744,56406,645071,2617813
LU,625,KXXu,King's Cross St. Pancras,Station entry/exit,Gateline,99202,116586,119487,109891,93329,97322,118815,124388,112291,91954,1554067,17772578,72124262
LU,624,KBYu,Kingsbury,Station entry/exit,Gateline,5795,5983,6072,4341,3229,5754,6002,6072,4314,3157,74689,854155,3466311
LU,626,KNBu,Knightsbridge,Station entry/exit,Gateline,19380,23423,22517,25951,16011,18016,21217,20178,22625,13759,292356,3343428,13568222
LU,627,LGRu,Ladbroke Grove,Station entry/exit,Gateline,8112,8912,9937,11859,5927,8019,8739,9480,11766,5820,123874,1416645,5748997
LU,628,LAMu,Lambeth North,Station entry/exit,Gateline,3892,4703,4621,4531,2923,3785,4324,4281,4129,2703,57944,662652,2689160
LU,629,LANu,Lancaster Gate,Station entry/exit,Gateline,4122,4916,5557,5767,4258,4109,4969,5455,5506,3923,68353,781694,3172252
LU,630,LATu,Latimer Road,Station entry/exit,Gateline,3326,3730,3169,2193,1640,3268,3563,2941,2059,1586,42061,481013,1952034
LU,631,LSQu,Leicester Square,Station entry/exit,Gateline,31720,42332,51527,64463,37397,28364,37768,45912,57018,33252,589951,6746782,27379635
LU,632,LEYu,Leyton,Station entry/exit,Gateline,13116,14429,14167,15029,8914,12582,13933,13371,14170,8709,185144,2117339,8592536
LU,633,LYSu,Leytonstone,Station entry/exit,Gateline,10698,12019,11893,9490,6683,10745,12109,11806,9417,6760,149876,1714003,6955728
LU,634,LSTu,Liverpool Street LU,Station entry/exit,Gateline,83559,105490,91428,74086,47873,85288,106135,91332,76196,48422,1233062,14101505,57226398
LU,635,LONu,London Bridge LU,Station entry/exit,Gateline,72179,90894,90270,101262,63986,70057,88799,86000,96497,60716,1180047,13495221,54765991
LU,636,LTNu,Loughton,Station entry/exit,Gateline,4200,4891,4469,3781,2263,4246,5035,4568,3650,2353,59307,678241,2752421
LU,637,MDVu,Maida Vale,Station entry/exit,Gateline,4140,4823,4593,3883,2575,3969,4562,4269,3597,2598,57780,660783,2681574
LU,638,MNRu,Manor House,Station entry/exit,Gateline,8846,10067,10084,9193,6494,8801,9910,9788,8709,6631,128476,1469274,5962575
LU,639,MANu,Mansion House,Station entry/exit,Gateline,6905,8749,6097,3401,2499,7408,9665,6650,3617,2505,94323,1078696,4377539
LU,640,MARu,Marble Arch,Station entry/exit,Gateline,12567,14172,14060,14486,9961,12280,14033,13708,14001,9412,185091,2116733,8590075
LU,641,MYBu,Marylebone LU,Station entry/exit,Gateline,11135,14398,12359,11549,7696,11487,15410,13116,12426,7909,177100,2025350,8219228
LU,642,MLEu,Mile End,Station entry/exit,Gateline,17667,19368,19188,15373,11036,17509,18916,18369,14801,11365,240160,2746510,11145822
LU,643,MHEu,Mill Hill East,Station entry/exit,Manual Count,2532,3055,2610,2069,1193,2609,2860,2349,1992,1321,34420,393633,1597432
LU,646,MPKu,Moor Park,Station entry/exit,Gateline,1435,1587,1409,742,421,1373,1568,1380,755,447,17427,199295,808774
LU,645,MGTu,Moorgate,Station entry/exit,Gateline,37566,48929,31103,14290,9328,41036,53221,35061,17194,10672,502698,5748937,23330204
LU,647,MORu,Morden,Station entry/exit,Gateline,12752,14216,13743,12881,8628,12001,13670,13479,12304,8612,178057,2036291,8263631
LU,648,MCRu,Mornington Crescent,Station entry/exit,Gateline,3947,5563,4735,7090,2938,3554,4885,4346,3932,2045,63930,731119,2967011
LU,649,NEAu,Neasden,Station entry/exit,Gateline,4444,4649,4559,3390,2493,4046,4217,4164,3230,2359,55284,632232,2565708
LU,650,NEPu,Newbury Park,Station entry/exit,Gateline,5755,6244,5948,4263,3149,5239,5681,5435,4062,3023,72649,830827,3371643
LU,831,NIEu,Nine Elms,Station entry/exit,Gateline,6300,7116,6959,5717,4864,5918,7025,6553,5233,4562,88529,1012428,4108613
LU,653,NACu,North Acton,Station entry/exit,Gateline,9206,9784,9727,7332,5524,9220,9666,9599,7133,5702,121794,1392854,5652447
LU,654,NELu,North Ealing,Station entry/exit,Gateline,1000,1077,1152,817,491,975,1041,1001,751,508,13050,149237,605628
LU,789,NOGu,North Greenwich,Station entry/exit,Gateline,24703,37187,39217,41088,24360,25474,40086,42612,44760,25267,499297,5710050,23172392
LU,656,NHRu,North Harrow,Station entry/exit,Gateline,2338,2699,2355,1618,1059,2246,2566,2198,1507,1021,30137,344647,1398638
LU,659,NWBu,North Wembley,Station entry/exit,Gateline,2265,2318,2330,1727,1055,2149,2255,2159,1491,1033,27926,319365,1296040
LU,655,NFDu,Northfields,Station entry/exit,Gateline,3857,4581,4370,3245,2511,3759,5414,5350,4162,2716,59953,685633,2782422
LU,657,NHTu,Northolt,Station entry/exit,Gateline,6503,6867,6802,5612,3981,6266,6577,6396,5105,3835,84831,970145,3937018
LU,660,NWPu,Northwick Park,Station entry/exit,Gateline,6137,6227,5798,3623,2486,6111,6112,5494,3172,2427,72261,826391,3353641
LU,661,NWDu,Northwood,Station entry/exit,Gateline,3557,4047,3725,2539,1551,3504,4015,3631,2376,1521,46587,532773,2162088
LU,662,NWHu,Northwood Hills,Station entry/exit,Gateline,2351,2638,2461,1603,1078,2271,2565,2340,1552,1087,30353,347124,1408690
LU,663,NHGu,Notting Hill Gate,Station entry/exit,Gateline,16152,18406,19413,21972,12929,16982,19375,20804,25217,14143,260954,2984313,12110869
LU,664,OAKu,Oakwood,Station entry/exit,Gateline,3442,3739,3787,3423,2563,3450,3881,3987,3572,2634,49716,568557,2307306
LU,665,OLDu,Old Street,Station entry/exit,Gateline,22003,29670,24364,20568,13377,21768,29556,25902,22712,13080,341455,3904932,15846905
LU,667,OSTu,Osterley,Station entry/exit,Gateline,2660,2944,2696,2216,1664,2649,2950,2618,2163,1748,36097,412813,1675267
LU,668,OVLu,Oval,Station entry/exit,Gateline,8044,9809,9421,8255,5746,7914,9692,9158,8079,5881,121002,1383805,5615724
LU,669,OXCu,Oxford Circus,Station entry/exit,Gateline,64847,84129,74803,76154,47114,71881,93337,85536,95807,52647,1101186,12593351,51106043
LU,670,PADu,Paddington TfL,Station entry/exit,Gateline,71505,82171,77763,73620,59269,68344,80840,79416,70937,56149,1046034,11962629,48546460
LU,671,PRYu,Park Royal,Station entry/exit,Gateline,2450,2734,2790,2366,1559,2589,2915,2926,2450,1574,35650,407705,1654538
LU,672,PGRu,Parsons Green,Station entry/exit,Gateline,8583,10077,9359,7570,4726,8604,10024,8968,7162,4719,119993,1372256,5568858
LU,673,PERu,Perivale,Station entry/exit,Gateline,2830,3092,3000,2297,1456,2764,3014,2875,2120,1452,37112,424419,1722368
LU,674,PICu,Piccadilly Circus,Station entry/exit,Gateline,34896,42612,44568,53654,31771,33214,41121,43773,53319,29773,576166,6589136,26739879
LU,776,PIMu,Pimlico,Station entry/exit,Gateline,10583,12876,11612,9457,6850,10556,12612,11191,9252,6753,152719,1746515,7087668
LU,675,PINu,Pinner,Station entry/exit,Gateline,3957,3796,3802,3000,2041,3892,3805,3509,2952,1961,47917,547983,2223811
LU,676,PLWu,Plaistow,Station entry/exit,Gateline,7173,7897,7671,5656,4277,6749,7532,7093,5298,4248,94452,1080166,4383503
LU,677,PRDu,Preston Road,Station entry/exit,Gateline,4015,4289,4170,3000,2209,3933,4307,4076,2851,2177,52218,597177,2423452
LU,678,PUTu,Putney Bridge,Station entry/exit,Gateline,6988,8311,8096,6812,5028,7815,9238,8486,6848,5209,107929,1234295,5008989
LU,680,QPKu,Queen's Park,Station entry/exit,Gateline,6782,7847,7352,6345,4201,6424,7490,6853,5936,4332,94234,1077682,4373423
LU,679,QBYu,Queensbury,Station entry/exit,Gateline,5182,5390,5369,3754,2625,5171,5398,5270,3698,2530,65965,754385,3061427
LU,681,QWYu,Queensway,Station entry/exit,Gateline,8696,8932,9711,10923,8057,8832,9987,10439,11199,7942,132557,1515948,6151983
LU,682,RCPu,Ravenscourt Park,Station entry/exit,Gateline,4382,4858,4755,3486,2327,4318,4779,4670,3398,2305,58550,669589,2717311
LU,683,RAYu,Rayners Lane,Station entry/exit,Gateline,5512,5965,5592,4371,3096,5312,5840,5475,4108,3092,71975,823120,3340365
LU,684,REDu,Redbridge,Station entry/exit,Gateline,3364,3624,3434,2844,2044,3080,3322,3142,2555,1916,43217,494234,2005688
LU,685,RPKu,Regent's Park,Station entry/exit,Gateline,3242,3859,3435,2808,1575,3785,4511,4208,3420,1926,49511,566218,2297814
LU,686,RMDu,Richmond,LU+LO Boarding/alighting,Manual Count,13582,14308,14256,12166,13517,13510,14073,14829,11360,12874,191237,2187019,8875310
LU,687,RKYu,Rickmansworth,Station entry/exit,Gateline,3085,3550,3306,1929,1343,3029,3419,3196,1791,1302,39889,456176,1851241
LU,688,RODu,Roding Valley,Station entry/exit,Gateline,395,362,324,279,192,627,618,446,359,205,5768,65960,267679
LU,690,ROYu,Royal Oak,Station entry/exit,Gateline,3373,3832,3662,2999,2286,3183,3600,3313,2823,2144,46080,526980,2138577
LU,691,RUIu,Ruislip,Station entry/exit,Gateline,2240,2497,2511,1950,1364,2332,2591,2564,1930,1379,31535,360635,1463521
LU,692,RUGu,Ruislip Gardens,Station entry/exit,Gateline,1288,1505,1417,1081,652,1198,1419,1251,1062,663,17381,198778,806675
LU,693,RUMu,Ruislip Manor,Station entry/exit,Gateline,2174,2498,2401,1807,1128,2210,2568,2376,1673,1115,30081,344016,1396078
LU,694,RSQu,Russell Square,Station entry/exit,Gateline,12243,13099,13648,10296,8031,12465,13511,14251,10232,7564,168559,1927673,7822836
LU,698,SVSu,Seven Sisters,Station entry/exit,Gateline,18647,20517,20832,17791,13157,18246,20598,20569,16753,12792,262130,2997759,12165434
LU,700,SBCu,Shepherd's Bush LU,Station entry/exit,Gateline,17577,21136,20444,22566,12928,16890,20000,19258,21452,12089,266611,3049010,12373422
LU,775,SBMu,Shepherd's Bush Market,Station entry/exit,Gateline,4552,5508,5664,5695,3270,4340,5352,5211,4955,3043,69311,792651,3216718
LU,702,SSQu,Sloane Square,Station entry/exit,Gateline,19146,23752,22946,18359,11552,19161,23513,22016,17020,11485,283479,3241919,13156281
LU,703,SNBu,Snaresbrook,Station entry/exit,Gateline,3024,3336,3238,2402,1588,2937,3246,2910,2369,1649,39860,455842,1849887
LU,704,SELu,South Ealing,Station entry/exit,Gateline,3733,3270,3248,2827,1980,3724,1790,1688,1825,1641,35845,409927,1663555
LU,707,SHRu,South Harrow,Station entry/exit,Gateline,3318,3398,3329,3198,1956,3336,3293,3255,3548,1995,44010,503302,2042489
LU,708,SKNu,South Kensington,Station entry/exit,Gateline,37141,43331,45122,38291,29421,37832,42786,46006,39948,30029,562140,6428726,26088906
LU,709,SKTu,South Kenton,Station entry/exit,Manual Count,1213,1618,1523,977,713,600,1519,1492,985,767,17681,202203,820575
LU,710,SRPu,South Ruislip,Station entry/exit,Gateline,2367,2706,2509,2293,982,2329,2672,2427,2078,1273,32392,370439,1503305
LU,711,SWMu,South Wimbledon,Station entry/exit,Gateline,5452,6293,6193,5231,3537,5309,6064,6152,5239,3581,77764,889325,3609039
LU,712,SWFu,South Woodford,Station entry/exit,Gateline,6079,6967,6772,5573,3544,6356,7362,6649,5644,3692,87295,998326,4051381
LU,705,SFSu,Southfields,Station entry/exit,Gateline,7824,9057,8432,5128,4087,7428,8561,7448,4716,4029,101944,1165852,4731235
LU,706,SGTu,Southgate,Station entry/exit,Gateline,5915,6717,6231,5467,3784,6081,6970,6912,5629,3976,85057,972730,3947509
LU,784,SWKu,Southwark,Station entry/exit,Gateline,12978,16336,13075,9335,6207,13671,16812,13378,9528,5723,183338,2096682,8508705
LU,695,SJPu,St. James's Park,Station entry/exit,Gateline,14868,18774,15001,8283,6546,15603,19197,16357,7826,7033,205431,2349349,9534074
LU,696,SJWu,St. John's Wood,Station entry/exit,Gateline,9313,10238,9987,6761,5445,9631,10578,10365,6880,5656,126486,1446515,5870213
LU,697,STPu,St. Paul's,Station entry/exit,Gateline,14235,17594,13930,11269,7025,14451,17882,13829,10392,6441,197998,2264339,9189088
LU,713,STBu,Stamford Brook,Station entry/exit,Gateline,3334,4010,3662,2602,1942,3258,3842,3482,2333,1824,45994,525998,2134593
LU,714,STAu,Stanmore,Station entry/exit,Gateline,4714,5205,4957,3737,3232,4618,5243,4988,3750,3364,64705,739982,3002979
LU,715,STGu,Stepney Green,Station entry/exit,Gateline,8913,9248,9125,5535,4343,8983,9195,8573,5439,4378,110616,1265026,5133701
LU,716,STKu,Stockwell,Station entry/exit,Gateline,10775,13141,13083,12691,8019,9955,11377,11821,11431,7709,159040,1818810,7381051
LU,717,SPKu,Stonebridge Park,Station entry/exit,Gateline,4026,4373,4297,3069,1995,3880,4076,4061,2794,1941,51410,587935,2385943
LU,719,SFDu,Stratford,Station entry/exit,Gateline,77595,86452,85539,85167,72138,78815,88129,87703,87807,73142,1171649,13399176,54376225
LU,720,SHLu,Sudbury Hill,Station entry/exit,Gateline,2787,2939,2814,1754,1251,2777,2934,2662,2044,1447,35158,402076,1631696
LU,721,STNu,Sudbury Town,Station entry/exit,Gateline,2777,2844,2852,2226,1266,2572,2527,2527,1863,1312,33507,383192,1555062
LU,723,SWCu,Swiss Cottage,Station entry/exit,Gateline,8467,9320,9030,6291,4790,8420,9257,9006,6310,4789,112832,1290370,5236551
LU,724,TEMu,Temple,Station entry/exit,Gateline,11349,13889,10927,6283,2907,12181,15189,12598,5528,2891,151899,1737144,7049636
LU,725,THBu,Theydon Bois,Station entry/exit,Gateline,1109,1310,1190,1074,761,1070,1242,1139,1031,796,15822,180943,734300
LU,726,TBEu,Tooting Bec,Station entry/exit,Gateline,8999,10971,10345,9832,6258,8891,10752,9784,9117,6602,134997,1543849,6265211
LU,727,TBYu,Tooting Broadway,Station entry/exit,Gateline,18228,21092,21939,19108,11912,18032,20974,21371,18352,11989,267128,3054924,12397420
LU,728,TCRu,Tottenham Court Road,Station entry/exit,Gateline,76971,98353,96936,101538,55385,76687,101483,99221,102928,56204,1265377,14471069,58726155
LU,729,TTHu,Tottenham Hale LU,Station entry/exit,Gateline,19894,22397,21686,21799,16562,19260,20773,20716,20624,15232,285282,3262533,13239937
LU,730,TOTu,Totteridge & Whetstone,Station entry/exit,Gateline,3097,3629,3258,2716,1801,2936,3535,3202,2540,1821,42866,490220,1989399
LU,731,THLu,Tower Hill,Station entry/exit,Gateline,23546,23885,24471,19258,17176,24591,25202,26861,22221,17080,322465,3687769,14965619
LU,733,TPKu,Tufnell Park,Station entry/exit,Gateline,6619,8474,8489,7690,4975,6494,8333,8040,7176,5159,105063,1201520,4875982
LU,734,TGRu,Turnham Green,Station entry/exit,Gateline,6824,8098,7674,6061,4700,6948,8316,8073,6255,4703,100481,1149114,4663306
LU,735,TPLu,Turnpike Lane,Station entry/exit,Gateline,11732,12929,13564,11949,8384,12261,13708,13475,11446,8553,171276,1958737,7948900
LU,736,UPMu,Upminster,Station entry/exit,Gateline,6957,8470,6883,5329,3468,7956,9681,7884,5875,4062,102867,1176401,4774045
LU,737,UPBu,Upminster Bridge,Station entry/exit,Gateline,1449,1672,1393,815,459,1467,1656,1386,641,482,18076,206723,838918
LU,738,UPYu,Upney,Station entry/exit,Gateline,3903,4181,3996,2298,1930,3465,3689,3428,2057,1709,46394,530573,2153159
LU,739,UPKu,Upton Park,Station entry/exit,Gateline,14060,14868,14837,10815,9249,13516,14190,13922,10488,8901,182962,2092386,8491273
LU,740,UXBu,Uxbridge,Station entry/exit,Gateline,9381,10043,9332,6232,3653,9368,9977,9265,5790,3692,116775,1335454,5419509
LU,777,VUXu,Vauxhall LU,Station entry/exit,Gateline,29877,37466,34585,30645,23120,29680,34839,33202,26576,22947,447544,5118189,20770515
LU,741,VICu,Victoria LU,Station entry/exit,Gateline,83222,97548,93795,91543,67258,87212,105440,94113,87480,70026,1283615,14679639,59572570
LU,742,WALu,Walthamstow Central,Station entry/exit,Gateline,19882,22828,22195,19661,13789,19940,22736,22082,19444,13963,287647,3289577,13349683
LU,743,WANu,Wanstead,Station entry/exit,Gateline,2827,3287,3114,2721,1935,2950,3551,3250,2677,1990,41979,480077,1948236
LU,745,WSTu,Warren Street,Station entry/exit,Gateline,22577,26908,22472,13829,9169,23690,28032,23926,13647,9177,303307,3468667,14076462
LU,746,WARu,Warwick Avenue,Station entry/exit,Gateline,4513,5341,5115,4351,2909,4522,5164,4763,4230,3140,65059,744029,3019402
LU,747,WLOu,Waterloo LU,Station entry/exit,Gateline,98947,141146,104826,93708,52363,95090,133565,100979,89806,55545,1515396,17330333,70329553
LU,748,WATu,Watford,Station entry/exit,Gateline,2868,3224,2899,1350,1092,2893,3190,2893,1330,1063,35630,407470,1653584
LU,751,WEMu,Wembley Central,Station entry/exit,Gateline,7048,7290,7838,6915,4345,7597,7889,8294,6961,4562,99095,1133266,4598994
LU,752,WPKu,Wembley Park,Station entry/exit,Gateline,23084,24729,29829,23595,17567,22854,24315,29940,22897,17319,334216,3822154,15510977
LU,753,WACu,West Acton,Station entry/exit,Gateline,1666,1919,1782,1437,919,1664,1825,1749,1374,968,22789,260617,1057631
LU,755,WBTu,West Brompton,Station entry/exit,Gateline,8346,8176,8438,9031,5435,8671,8799,7712,8191,4892,111640,1276734,5181211
LU,756,WFYu,West Finchley,Station entry/exit,Gateline,2101,2512,2128,1641,1106,2002,2316,1947,1439,1093,27942,319547,1296777
LU,757,WHMu,West Ham,Station entry/exit,Gateline,8846,9717,9266,6626,4359,8702,9417,9038,6480,4322,115039,1315605,5338957
LU,758,WHDu,West Hampstead LU,Station entry/exit,Gateline,11592,13560,12627,10292,7013,11040,12660,11767,9574,6679,159243,1821133,7390480
LU,759,WHRu,West Harrow,Station entry/exit,Gateline,1606,1543,1811,1335,812,1759,1796,1863,1366,1054,21623,247284,1003523
LU,760,WKNu,West Kensington,Station entry/exit,Gateline,5591,6606,6470,6304,3947,5365,6163,5849,5527,3732,81093,927393,3763523
LU,762,WRPu,West Ruislip,Station entry/exit,Gateline,1832,2097,1884,2082,1081,1833,2094,1848,1892,1092,26118,298686,1212120
LU,754,WBPu,Westbourne Park,Station entry/exit,Gateline,5618,6317,6423,5223,3292,5166,5949,5802,4657,3077,76056,869795,3529781
LU,761,WMSu,Westminster,Station entry/exit,Gateline,26801,30749,29255,32514,21822,27831,32555,30777,32850,21352,413113,4724430,19172572
LU,764,WCTu,White City,Station entry/exit,Gateline,11903,14791,11941,9725,6705,11917,14549,12046,10726,7038,170021,1944388,7890670
LU,763,WCLu,Whitechapel,Station entry/exit,Gateline,28763,30362,29419,22806,14970,28982,30521,29605,23470,15378,376044,4300502,17452196
LU,765,WLGu,Willesden Green,Station entry/exit,Gateline,8480,9340,9432,7572,5539,8325,9177,9224,7294,5508,116925,1337176,5426495
LU,766,WJNu,Willesden Junction,Station entry/exit,Gateline,7071,7806,7589,5765,3566,6917,7446,7196,5470,3774,93105,1064767,4321012
LU,767,WIMu,Wimbledon,Boarding/alighting,Manual Count,17068,19113,18228,20178,10237,16458,18749,17332,18206,10549,241842,2765747,11223888
LU,768,WMPu,Wimbledon Park,Station entry/exit,Gateline,2993,3219,3076,2795,1500,2966,3167,2967,2677,1554,39683,453819,1841679
LU,770,WGNu,Wood Green,Station entry/exit,Gateline,13593,14917,16265,14642,9563,13222,14573,16396,14311,9360,195821,2239442,9088053
LU,599,WDLu,Wood Lane,Station entry/exit,Gateline,6644,7949,7412,8723,4528,7116,8541,7967,8876,5038,105775,1209663,4909025
LU,769,WFDu,Woodford,Station entry/exit,Gateline,6943,8049,7803,6211,4041,6815,7914,7257,5820,4016,96796,1106974,4492296
LU,771,WSPu,Woodside Park,Station entry/exit,Gateline,4833,4667,4360,3443,2353,8155,7931,7605,5675,4587,78802,901198,3657219
